place_id,name,rating,reviews_count,lat,lng,types,price_level,query
ChIJO-zP-QeIQQ0RypPybBogF2I,Parque de Atracciones de Madrid,4.1,39662.0,40.411883,-3.750058,"amusement_park, establishment, point_of_interest, tourist_attraction",,tourist attractions Madrid center
ChIJ35PCcoQoQg0RGhxNE3_2Iak,Círculo de Bellas Artes,4.4,33457.0,40.4183042,-3.6965333,"art_gallery, establishment, movie_theater, point_of_interest, tourist_attraction",,tourist attractions Madrid center
ChIJM7u8_EkmQg0RSH-cbUX_1Yc,Matadero Madrid,4.6,31796.0,40.3919453,-3.697883399999999,"establishment, museum, point_of_interest, tourist_attraction",,tourist attractions Madrid center
ChIJTcV2FZ8oQg0RyFE83TPKXW0,Estanque Grande del Retiro,4.7,34498.0,40.417142,-3.6839005,"establishment, park, point_of_interest, tourist_attraction",,tourist attractions Madrid center
ChIJm1TJPX4oQg0R5uFSWl5x2zU,Clock Tower of Sun Gate,4.7,263.0,40.4165583,-3.7037846,"establishment, point_of_interest, tourist_attraction",,tourist attractions Madrid center
ChIJC9wRagApQg0RW_tigd7ML-o,Madrid Self-Guided Scavenger Hunt,,,40.4172697,-3.7038095,"establishment, point_of_interest, tourist_attraction",,tourist attractions Madrid center
ChIJ8wzwJH4pQg0RhZpwexmym_w,Pubcrawl Madrid Vibes,5.0,185.0,40.4172697,-3.7038095,"establishment, point_of_interest, tourist_attraction",,tourist attractions Madrid center
ChIJf7caCAApQg0RZ7jg-p91cFo,main plaza,4.0,2.0,40.4165927,-3.7030921,"establishment, point_of_interest, tourist_attraction",,tourist attractions Madrid center
ChIJQcevZQApQg0RZAAmvLpundQ,Placa conmemorativa de la fundación del PSPR,4.0,1.0,40.4171724,-3.704593,"establishment, point_of_interest, tourist_attraction",,tourist attractions Madrid center
ChIJo0XX-p0pQg0Rhj5a2AQrZ5s,"Mural ""Calle Invisible""",4.2,24.0,40.4150588,-3.7022058,"establishment, point_of_interest, tourist_attraction",,tourist attractions Madrid center
ChIJtcJnefMpQg0RLJ46aNHZ8ag,Graffiti,4.5,2.0,40.4268303,-3.7033334,"establishment, point_of_interest, tourist_attraction",,tourist attractions Malasaña Madrid
ChIJNdq5TgApQg0R37v8FvQ-DHY,Estatua Malasaña 1/3,,,40.4243614,-3.7071451,"establishment, point_of_interest, tourist_attraction",,tourist attractions Malasaña Madrid
ChIJuzJvDAApQg0RM-zXejfQGsY,Casa de Manuela Malasaña Oñoro,5.0,1.0,40.428859,-3.7044589,"establishment, point_of_interest, tourist_attraction",,tourist attractions Malasaña Madrid
ChIJs4IOFWIoQg0RsRhSAEImv3g,Plaza del Dos de Mayo,4.2,13489.0,40.426999,-3.704030299999999,"establishment, park, point_of_interest",,tourist attractions Malasaña Madrid
ChIJ7YkyFAApQg0RXZbmlr8cNPY,Casa Ratoncito Pérez | Madrid,4.8,298.0,40.4259444,-3.7053987,"establishment, point_of_interest, tourist_attraction",,tourist attractions Malasaña Madrid
ChIJ7TTCRwApQg0Rx-8ybfw9vDU,Madrid Bench Primark,4.0,4.0,40.4202324,-3.7032998,"establishment, point_of_interest, tourist_attraction",,tourist attractions Malasaña Madrid
ChIJCeTLWHwoQg0ReGpwiP45wwg,Edificio Carrión,4.6,1638.0,40.42045110000001,-3.7065669,"establishment, point_of_interest, tourist_attraction",,tourist attractions Malasaña Madrid
ChIJsfdII2QoQg0RcyQm0fprP_o,Museo ABC,4.3,2046.0,40.4277672,-3.7095749,"establishment, museum, point_of_interest, tourist_attraction",,tourist attractions Malasaña Madrid
ChIJA3GyQwApQg0RlAEWrqDnhVA,"Tablo Flamenco Torres Bermejas, Madrid",,,40.4195297,-3.703784299999999,"establishment, point_of_interest, tourist_attraction",,tourist attractions Malasaña Madrid
ChIJDX0e6mIoQg0REsiwHnvjK3E,CarpetaniaMadrid,4.8,56.0,40.4243483,-3.7044763,"establishment, point_of_interest, tourist_attraction",,tourist attractions Malasaña Madrid
ChIJwR9qn38oQg0R2IxpebzuZxI,Babylon Tours Madrid,5.0,109.0,40.41402040000001,-3.7052006,"establishment, point_of_interest, tourist_attraction, travel_agency",,tourist attractions Malasaña Madrid
ChIJF2z_lO8pQg0RPE7JvjAcDXc,"Mural ""Offset"" de NEVERCREW",4.3,15.0,40.4225774,-3.699037499999999,"establishment, point_of_interest, tourist_attraction",,tourist attractions Chueca Madrid
ChIJbzS6N4QoQg0R8qUJ8IM5Mrw,Casa de las Siete Chimeneas,4.3,477.0,40.42019150000001,-3.6964745,"establishment, point_of_interest, tourist_attraction",,tourist attractions Chueca Madrid
ChIJVVUVT4QoQg0R81C7vyFp1lg,Plaza del Rey,4.3,1034.0,40.4201792,-3.6961616,"establishment, park, point_of_interest",,tourist attractions Chueca Madrid
ChIJ5Tasx-8pQg0R9MFJCiMOyfg,Free Tour Madrid,4.9,2631.0,40.417867,-3.6927161,"establishment, local_government_office, museum, point_of_interest, tourist_attraction, travel_agency",,tourist attractions Chueca Madrid
ChIJEyHKMwApQg0RaF7Mdw2IuSA,Cartel de la estación del día del orgullo (Chueca),,,40.4225842,-3.6976578,"establishment, point_of_interest, tourist_attraction",,tourist attractions Chueca Madrid
ChIJgUa_uogoQg0Rj96ldT2aonM,Church of Saint Anton,4.6,1950.0,40.4239566,-3.6986959,"church, establishment, place_of_worship, point_of_interest, tourist_attraction",,tourist attractions Chueca Madrid
ChIJmzc8-6wnQg0RbgTCJpoGtVI,Monument to Federico Chueca,4.4,18.0,40.4109759,-3.6811344,"establishment, point_of_interest",,tourist attractions Chueca Madrid
ChIJ17YdUXwoQg0RSzcYZ1R_kTg,Free Walking Tours Madrid,4.9,3004.0,40.4200139,-3.7060563,"establishment, point_of_interest, tourist_attraction, travel_agency",,tourist attractions Chueca Madrid
ChIJoWEN6ZooQg0RymDa9_LW1X8,Palacio del Marqués de Salamanca,4.6,130.0,40.4211946,-3.6914624,"establishment, point_of_interest, tourist_attraction",,tourist attractions Salamanca Madrid
ChIJq_vqzZcpQg0RWmwmyOQskB8,El gato de la caja,,,40.4301933,-3.6838619,"establishment, point_of_interest, tourist_attraction",,tourist attractions Salamanca Madrid
ChIJcTe3UcUpQg0R27SvwQbgvuc,Transparencias (De Madrid al Cielo),4.0,6.0,40.4240674,-3.6769695,"establishment, point_of_interest, tourist_attraction",,tourist attractions Salamanca Madrid
ChIJAx6d-JgoQg0R2j8ytTX1bKc,Palacio de Federico Ortiz,4.5,6.0,40.4210636,-3.6847579,"establishment, point_of_interest, tourist_attraction",,tourist attractions Salamanca Madrid
ChIJjxz_g14pQg0RBqx3hyO1O7k,Belles façades,5.0,1.0,40.426253,-3.685297,"establishment, point_of_interest, tourist_attraction",,tourist attractions Salamanca Madrid
ChIJN_sg65AoQg0Rl3QRK_EIa_s,Descubrimiento Garden,4.3,336.0,40.4251949,-3.6887681,"establishment, point_of_interest, tourist_attraction",,tourist attractions Salamanca Madrid
ChIJrYo6Fb4oQg0RKijdcYJMN2E,Palacio de Saldaña,4.3,76.0,40.4299983,-3.6813918,"establishment, point_of_interest, tourist_attraction",,tourist attractions Salamanca Madrid
ChIJN8JXMJsoQg0RTn6MzGYAAas,Casa de América,4.5,2860.0,40.4198825,-3.692170399999999,"establishment, point_of_interest, tourist_attraction",,tourist attractions Salamanca Madrid
ChIJOcd3GjYpQg0RHeB-horjNBk,Bandera de España Plaza Colón,4.6,70.0,40.424717,-3.6886919,"establishment, point_of_interest, tourist_attraction",,tourist attractions Salamanca Madrid
ChIJ_emsLAApQg0RVgLUQ4VOXCk,Recorrido Madrid de Antonio Palacios,,,40.4202097,-3.6878564,"establishment, point_of_interest, tourist_attraction",,tourist attractions Salamanca Madrid
ChIJxfUOYysmQg0R0IXw9eirnnE,Lavapiés,,,40.4084422,-3.7007926,"neighborhood, political",,tourist attractions Lavapiés Madrid
ChIJc8SAjdcnQg0RXViU5YCmRWQ,La Latina,,,40.4115369,-3.7106186,"neighborhood, political",,tourist attractions La Latina Madrid
ChIJv3ERb-IoQg0Rs2mh59vAhRY,Tour Bernabéu,4.3,23081.0,40.4522072,-3.689332899999999,"establishment, museum, point_of_interest, tourist_attraction",,tourist attractions Chamartín Madrid
ChIJAeNFJAMpQg0RA4noYn6XtAA,Estanque del Monumento a Isabel la Católica,4.8,29.0,40.4402961,-3.690830199999999,"establishment, point_of_interest, tourist_attraction",,tourist attractions Chamartín Madrid
ChIJ5X7akPYpQg0RyWETQjHb-Ak,Urban art,3.5,6.0,40.47299,-3.6836647,"establishment, point_of_interest, tourist_attraction",,tourist attractions Chamartín Madrid
ChIJsV5fbNkoQg0RsuodgAB71IQ,Berlin Park,4.4,11555.0,40.4504072,-3.675755799999999,"establishment, park, point_of_interest, tourist_attraction",,tourist attractions Chamartín Madrid
ChIJqXoqaWcpQg0RHBfuewcQTq8,Estanque del Parque de Berlín,4.5,20.0,40.4510502,-3.6752007,"establishment, point_of_interest, tourist_attraction",,tourist attractions Chamartín Madrid
ChIJ7ROz62opQg0R183RxauNXYA,Museo de la EMT,4.5,739.0,40.4763543,-3.6830234,"establishment, museum, point_of_interest, tourist_attraction",,tourist attractions Chamartín Madrid
ChIJH3GETQApQg0R6d73E015ppI,Fuente JJ,5.0,2.0,40.46831299999999,-3.686895799999999,"establishment, point_of_interest, tourist_attraction",,tourist attractions Chamartín Madrid
ChIJRa22NO4oQg0RXZ_6xs2ryWE,Fuente de la Plaza San Juan de la Cruz,4.4,1118.0,40.4412056,-3.6917429,"establishment, point_of_interest, tourist_attraction",,tourist attractions Chamartín Madrid
ChIJ4UzORwApQg0REqLMnPyFW3g,La CHOFERNETA,5.0,2.0,40.47230649999999,-3.6789199,"establishment, point_of_interest, tourist_attraction",,tourist attractions Chamartín Madrid
ChIJYybOb7MpQg0RY0lhKR_N1j0,Villa Capri,4.7,27316.0,40.4261004,-3.6967338,"establishment, food, point_of_interest, restaurant",2.0,best restaurants Madrid center
ChIJ3w5IZMwpQg0RHKE3CN7wf4o,Restaurante Her,4.9,5251.0,40.4264441,-3.688764399999999,"establishment, food, point_of_interest, restaurant",,best restaurants Madrid center
ChIJ06__uS8pQg0RUb4WhFvxM-4,Asado Central,4.8,7048.0,40.4157728,-3.7017653,"establishment, food, point_of_interest, restaurant",,best restaurants Madrid center
ChIJVyB9BnYpQg0RlWl7m3X88lM,Restaurante Bel Mondo,4.7,49593.0,40.4260628,-3.684320399999999,"establishment, food, point_of_interest, restaurant",2.0,best restaurants Madrid center
ChIJ4xYiGx0nQg0R7abZj0GXzt0,MARCELLE,4.9,408.0,40.4124498,-3.6956768,"establishment, food, point_of_interest, restaurant",,best restaurants Madrid center
ChIJsTMCAocoQg0R2in-xQOdPwc,Angelita Madrid,4.7,3346.0,40.4203613,-3.700395,"bar, establishment, food, point_of_interest, restaurant",2.0,best restaurants Madrid center
ChIJi0vRVCkmQg0RhJD1GJk3jkU,Casa Alberto,4.4,5130.0,40.4137615,-3.7001568,"bar, establishment, food, point_of_interest, restaurant",2.0,best restaurants Madrid center
ChIJz271F4QoQg0RB0PVzUicAqw,Ático Restaurante & Terraza,4.5,1663.0,40.419354,-3.6971698,"establishment, food, point_of_interest, restaurant",3.0,best restaurants Madrid center
ChIJaZxVboEoQg0R2Xyk4VBN6QA,CEBO Madrid,4.7,1061.0,40.41636,-3.69863,"establishment, food, point_of_interest, restaurant",3.0,best restaurants Madrid center
ChIJcfNWJ9YnQg0RZLL0hcVboYA,Ástor gastro-place,4.9,2698.0,40.412688,-3.7095653,"bar, establishment, food, point_of_interest, restaurant",2.0,best restaurants Madrid center
ChIJ189rc3soQg0R7l7WUa5fgo8,El Minibar,4.7,8189.0,40.4163335,-3.7091914,"bar, establishment, food, point_of_interest, restaurant",1.0,best restaurants Madrid center
ChIJ0-qngEgpQg0RizdgpKsYEJE,Cocuiza Brunch and Coffee Chueca,4.9,183.0,40.4219911,-3.6988709,"establishment, food, point_of_interest, restaurant",,best restaurants Chueca Madrid
ChIJh3vHoA4pQg0Rn3VJuC4HQjc,Secrets Chueca,4.6,1462.0,40.4219977,-3.6972488,"establishment, food, point_of_interest, restaurant",,best restaurants Chueca Madrid
ChIJVw8lFQMpQg0R5T1RN1rfLjg,Los Aguachiles Chueca,5.0,267.0,40.4216294,-3.6986786,"bar, establishment, food, point_of_interest, restaurant",,best restaurants Chueca Madrid
ChIJi5Gu2oUoQg0RIwY2tgaLJ8Y,Diurno Restaurante & Bar Chueca,4.3,5089.0,40.4213166,-3.697199,"bar, establishment, food, point_of_interest, restaurant",2.0,best restaurants Chueca Madrid
ChIJp0iAs5kpQg0REg9rNYuY8PQ,Mad Mad Vegan,4.8,3532.0,40.4226983,-3.6986087,"establishment, food, point_of_interest, restaurant",2.0,best restaurants Chueca Madrid
ChIJpSw2U34pQg0R7IItTkPT5rM,PerretxiCo Chueca,4.5,2187.0,40.4219293,-3.696581799999999,"bar, establishment, food, point_of_interest, restaurant",2.0,best restaurants Chueca Madrid
ChIJWyVKDYYoQg0R5jvoHijuKbQ,Kuoco,4.7,1976.0,40.422763,-3.6955445,"establishment, food, point_of_interest, restaurant",2.0,best restaurants Chueca Madrid
ChIJw4S4k_gpQg0Rw3VsJ45TTKQ,BARGANZO,4.8,3903.0,40.4210726,-3.6968127,"establishment, food, point_of_interest, restaurant",2.0,best restaurants Chueca Madrid
ChIJ_1XQZ1EpQg0R0xTMBmburPA,Entre Santos Cocktail Bar & Food,4.7,2694.0,40.4214175,-3.6986522,"bar, establishment, food, point_of_interest, restaurant",2.0,best restaurants Chueca Madrid
ChIJ19o1AoYoQg0RzizKRmh1zvE,Taberna La Buha Chueca,4.1,8031.0,40.4230853,-3.6980774,"establishment, food, point_of_interest, restaurant",1.0,best restaurants Chueca Madrid
ChIJfZS-ICIpQg0RSNzYkHdAYL4,Los Espetinhos Chueca,4.8,1381.0,40.4228537,-3.6969627,"establishment, food, point_of_interest, restaurant",,best restaurants Chueca Madrid
ChIJv82ZffYpQg0RoZb0hNIATIw,Brunchit,4.7,1835.0,40.4222857,-3.6978954,"establishment, food, point_of_interest, restaurant",2.0,best restaurants Chueca Madrid
ChIJuRPO-IcpQg0RfH5dFg9fyx4,Indian Accent Madrid,4.9,3763.0,40.420508,-3.6968782,"establishment, food, point_of_interest, restaurant",1.0,best restaurants Chueca Madrid
ChIJd3DAv38pQg0RngUoQPJGJUw,Boca Brava Asador,4.8,4739.0,40.42051840000001,-3.7002514,"establishment, food, point_of_interest, restaurant",,best restaurants Chueca Madrid
ChIJ5UCWdoYoQg0Ra7ny3VSNgCU,La Cerda de Chueca,4.1,4684.0,40.4215945,-3.6980498,"bar, establishment, food, point_of_interest, restaurant",2.0,best restaurants Chueca Madrid
ChIJAXY8g28pQg0RqdqqyN3dMJo,Nunuka | Georgian Restaurant Madrid,4.6,1971.0,40.4208672,-3.697648,"bar, establishment, food, point_of_interest, restaurant",2.0,best restaurants Chueca Madrid
ChIJZSzTBIYoQg0R6-HewretBEw,Tapas beer y vinos,4.7,953.0,40.42270430000001,-3.698471699999999,"bar, establishment, food, point_of_interest, restaurant",1.0,best restaurants Chueca Madrid
ChIJnx_fKOApQg0RlDK1xQwDUBI,La Taberna de Peñalver,4.8,18328.0,40.4337811,-3.6747195,"bar, establishment, food, point_of_interest, restaurant",2.0,best restaurants Salamanca Madrid
ChIJxdMZiGQpQg0RW7mky2_e9Vw,Restaurante Más de Santa,4.8,908.0,40.43402409999999,-3.6765615,"establishment, food, point_of_interest, restaurant",,best restaurants Salamanca Madrid
ChIJAYTTJwQpQg0R53CSdk1RxKM,Almara | Restaurante Barrio Salamanca Madrid,4.8,157.0,40.4371143,-3.6891747,"bar, establishment, food, point_of_interest, restaurant",,best restaurants Salamanca Madrid
ChIJIUMm3GwpQg0RxidUZoIEcZw,La Parrilla de Salamanca,4.5,1171.0,40.4311725,-3.6773443,"bar, establishment, food, point_of_interest, restaurant",,best restaurants Salamanca Madrid
ChIJQ0FD074oQg0Rgc5_7z17bmU,Casa Carola,4.7,3181.0,40.4311671,-3.677610999999999,"bar, establishment, food, point_of_interest, restaurant",2.0,best restaurants Salamanca Madrid
ChIJkaH63mopQg0RAJ4rgvTDPh0,Restaurante Barra Alta Madrid,4.5,1180.0,40.4232395,-3.6857037,"establishment, food, point_of_interest, restaurant",,best restaurants Salamanca Madrid
ChIJyQEtGgApQg0R_cSpCkRaxgk,Li-Onna Madrid,4.8,4171.0,40.4223719,-3.6910609,"establishment, food, point_of_interest, restaurant",,best restaurants Salamanca Madrid
ChIJmYaFeggpQg0R6WUWGb8Iir0,La Tasquita de Salamanca,4.7,824.0,40.4311568,-3.6733552,"bar, establishment, food, point_of_interest, restaurant",1.0,best restaurants Salamanca Madrid
ChIJt5pvjJYoQg0R8Pgt0BsIijo,Oh Délice Bistrot Ostreria,4.9,148.0,40.4277181,-3.6858011,"establishment, food, point_of_interest, restaurant",,best restaurants Salamanca Madrid
ChIJC_F3jpYoQg0RfqR_lVosOdM,Casa Dani,4.5,11753.0,40.4270238,-3.6856626,"establishment, food, meal_takeaway, point_of_interest, restaurant",1.0,best restaurants Salamanca Madrid
ChIJHfkdyNcnQg0RTaFKOejctbU,Juana La Loca,4.5,8049.0,40.4217767,-3.6903157,"bar, establishment, food, point_of_interest, restaurant",2.0,best restaurants Salamanca Madrid
ChIJTZNlMpooQg0R32FqbcrMAzU,Restaurante La Vanduca,4.5,2379.0,40.4210403,-3.6881587,"establishment, food, point_of_interest, restaurant",2.0,best restaurants Salamanca Madrid
ChIJOTvSAJMpQg0RgSaYLTOI5Bc,Terracotta Velázquez | Restaurante Barrio Salamanca,4.6,1403.0,40.429849,-3.6833609,"bar, establishment, food, point_of_interest, restaurant",,best restaurants Salamanca Madrid
ChIJdZ4dctwpQg0RdR2QcszBwRQ,Baldoria Madrid,4.8,24716.0,40.429532,-3.6708832,"establishment, food, point_of_interest, restaurant",2.0,best restaurants Salamanca Madrid
ChIJYaYOqaQoQg0RGm8I1qetdZA,La Bien Aparecida,4.5,3403.0,40.4238496,-3.6870858,"establishment, food, point_of_interest, restaurant",3.0,best restaurants Salamanca Madrid
ChIJH_tECRHzQQ0RxKUwzmqVfTQ,La Maruca - Velázquez,4.3,8923.0,40.4275228,-3.6837319,"establishment, food, point_of_interest, restaurant",2.0,best restaurants Salamanca Madrid
ChIJx_2d_UgpQg0Rw1wOh7XOzlY,Restaurante Allegra,4.7,3826.0,40.4221667,-3.684619,"establishment, food, point_of_interest, restaurant",3.0,best restaurants Salamanca Madrid
ChIJs4961yYpQg0RydMvcDWd3rI,Kentya Madrid,4.7,252.0,40.4259377,-3.6852211,"establishment, food, point_of_interest, restaurant",,best restaurants Salamanca Madrid
ChIJ-y5KqwInQg0RODJOqQ7_N0Q,La Taberna de Al Lado,4.8,858.0,40.4114865,-3.7029853,"bar, establishment, food, point_of_interest, restaurant",,best restaurants Lavapiés Madrid
ChIJseyNySsmQg0RZkg7vI8QXEQ,Los Porfiados,4.7,2176.0,40.4101667,-3.6989804,"establishment, food, point_of_interest, restaurant",1.0,best restaurants Lavapiés Madrid
ChIJT6XGgs8nQg0RWOtaJuxqmQQ,Taberna Restaurante El Típico Madrid,4.7,613.0,40.4119004,-3.7017108,"bar, establishment, food, point_of_interest, restaurant",,best restaurants Lavapiés Madrid
ChIJxQsSZY8nQg0RvNNk-CrHNgA,Gracias Vieja,4.8,520.0,40.4104118,-3.7024891,"bar, establishment, food, point_of_interest, restaurant",,best restaurants Lavapiés Madrid
ChIJtRbzP-2HQQ0RJx9XvRW6qLw,Casa de Campo,4.6,52126.0,40.4252589,-3.7526816,"establishment, park, point_of_interest, tourist_attraction",,tourist attractions Madrid center
ChIJ360xd3ooQg0REafNBGVirg0,Sabatini Garden,4.6,9813.0,40.42033199999999,-3.7140039,"establishment, point_of_interest, tourist_attraction",,tourist attractions Madrid center
ChIJk2HAKAApQg0RGS9Bx9dMX7k,Títeres clavileño,,,40.4508572,-3.675317499999999,"establishment, point_of_interest, tourist_attraction",,tourist attractions Chamartín Madrid
ChIJ5U6NUxkpQg0Rs5sNEbqzg1o,San Fernando Garden,4.2,786.0,40.4595706,-3.6872943,"establishment, park, point_of_interest, tourist_attraction",,tourist attractions Chamartín Madrid
ChIJHVbURBcpQg0RPxDOml11AxA,Cuarto Depósito,4.4,2094.0,40.4649307,-3.6871436,"establishment, park, point_of_interest, tourist_attraction",,tourist attractions Chamartín Madrid
ChIJkaN10RApQg0RPWOyC5f3JkQ,Fundación Canal,4.5,4745.0,40.4659643,-3.6880179,"establishment, museum, point_of_interest, tourist_attraction",,tourist attractions Chamartín Madrid
ChIJzY9ECNkoQg0RFhAr0hZCH0c,Remnants of the Berlin Wall,4.6,265.0,40.451191,-3.6751117,"establishment, point_of_interest, tourist_attraction",,tourist attractions Chamartín Madrid
ChIJT9qzkxApQg0RbP3h6B3AWQM,Monumento a José Calvo Sotelo,4.2,194.0,40.4652394,-3.6894181,"establishment, point_of_interest, tourist_attraction",,tourist attractions Chamartín Madrid
ChIJY1yJo6gpQg0RCDrbth_PeT4,Madrid Tourist Guides,4.0,2.0,40.4625118,-3.6855063,"establishment, point_of_interest, travel_agency",,tourist attractions Chamartín Madrid
ChIJt1Dvk54oQg0RCOGVrwRjnhA,Paseo de las Estatuas,4.7,152.0,40.4168041,-3.686277899999999,"establishment, point_of_interest, tourist_attraction",,tourist attractions Retiro Madrid
ChIJBQ1g3x8mQg0Rth6_rYPGDSc,Cascada Parque El Retiro,4.7,400.0,40.4135354,-3.6811914,"establishment, park, point_of_interest, tourist_attraction",,tourist attractions Retiro Madrid
ChIJ-_VgjGkpQg0R3lP8tSHiKgo,Paseo de México,4.7,40.0,40.4194944,-3.6872962,"establishment, point_of_interest, tourist_attraction",,tourist attractions Retiro Madrid
ChIJXW01Q58oQg0RZxKRxshjULI,Monument to Alfonso XII,4.7,3279.0,40.417318,-3.6830607,"establishment, park, point_of_interest, tourist_attraction",,tourist attractions Retiro Madrid
ChIJ-f5pgB8mQg0RIJzX-JzlFEk,Fountain of the Fallen Angel,4.6,9204.0,40.4110538,-3.6825368,"establishment, point_of_interest, tourist_attraction",,tourist attractions Retiro Madrid
ChIJXyiDup8oQg0RttBlmzyOdCw,Fuente de la Alcachofa,4.5,301.0,40.415413,-3.6842236,"establishment, point_of_interest, tourist_attraction",,tourist attractions Retiro Madrid
ChIJK5kBNgApQg0R0PpsfgeCUXA,Barrio de las Letras,5.0,2.0,40.4158711,-3.6908812,"establishment, point_of_interest, tourist_attraction",,tourist attractions Retiro Madrid
ChIJE14_CbonQg0RD7A83-D5fMw,Castillete del Retiro,4.5,15.0,40.4110242,-3.6780116,"establishment, point_of_interest, tourist_attraction",,tourist attractions Retiro Madrid
ChIJ6dUfAx8mQg0RYjyqOfu9Lng,Rose Garden,4.7,5419.0,40.41079010000001,-3.6803226,"establishment, point_of_interest, tourist_attraction",,tourist attractions Retiro Madrid
ChIJQ5ZUtp0oQg0RInkmVIXJAzQ,El Casón del Buen Retiro,4.3,170.0,40.4152817,-3.6896006,"establishment, library, museum, point_of_interest, tourist_attraction",,tourist attractions Retiro Madrid
ChIJp5RzVqIoQg0R3_HIJk2_iHc,Montaña Artificial,4.1,883.0,40.4211426,-3.6804125,"establishment, point_of_interest, tourist_attraction",,tourist attractions Retiro Madrid
ChIJq80RYxcpQg0R7-DKLk-WDKg,Fuente de la Salud del Retiro,4.3,9.0,40.4204417,-3.6845106,"establishment, point_of_interest, tourist_attraction",,tourist attractions Retiro Madrid
ChIJxZRukaEoQg0RlC_-5sMfjKM,Monumento to Martínez Campos,4.5,381.0,40.4178024,-3.6809079,"establishment, point_of_interest, tourist_attraction",,tourist attractions Retiro Madrid
ChIJU8rQu6AoQg0RjUbEeant6PM,Cecilio Rodríguez Garden,4.8,3477.0,40.4133196,-3.6779997,"establishment, point_of_interest, tourist_attraction",,tourist attractions Retiro Madrid
ChIJi_NS7icmQg0RK8FepNiBeSk,Real Jardín Botánico,4.4,36505.0,40.4111064,-3.6911267,"establishment, point_of_interest, tourist_attraction",,tourist attractions Retiro Madrid
ChIJ7WxzRwApQg0RLLaHHHydKFI,retiro Park,4.8,5.0,40.4162024,-3.6802552,"establishment, point_of_interest",,tourist attractions Retiro Madrid
ChIJn5QRAHkoQg0RM_q8r1SaSsM,Casa de Cisneros,4.5,311.0,40.4148669,-3.7104378,"establishment, point_of_interest, tourist_attraction",,things to do Madrid center
ChIJSWOgLw4pQg0RC0t6k5xBdhY,Kilometre Zero,4.6,3550.0,40.4166359,-3.7038101,"establishment, landmark, point_of_interest, tourist_attraction",,things to do Madrid center
ChIJw6gRPH4oQg0RABHe9Rw1PkI,Real Casa de Correos,4.5,1086.0,40.4164102,-3.7037974,"establishment, point_of_interest, tourist_attraction",,things to do Madrid center
ChIJP5YWaX4oQg0RWZTLRYppQEI,La Mariblanca,4.4,308.0,40.4168618,-3.7045595,"establishment, point_of_interest, tourist_attraction",,things to do Madrid center
ChIJXeEW14AoQg0RWhgMk3A9TY8,San Fernando Fine Art Royal Academy,4.6,4365.0,40.4177044,-3.7007558,"establishment, museum, point_of_interest, tourist_attraction",,things to do Madrid center
ChIJv3OXBoUpQg0REnpu2L3j7OI,Things to do in Madrid,4.3,4.0,40.4359765,-3.6906525,"establishment, point_of_interest",,things to do Madrid center
ChIJ78a-eygmQg0RbvYF6LTPhbY,Jardín Vertical Caixaforum,4.6,719.0,40.4110561,-3.693161399999999,"establishment, point_of_interest, tourist_attraction",,things to do Madrid center
ChIJPcua_GUoQg0RTyyDtruTvv4,Liria Palace,4.3,5274.0,40.4276752,-3.7124899,"establishment, museum, point_of_interest",,things to do Madrid center
ChIJR88WkmEoQg0R3qpujpTXJZU,La Musa Malasaña,4.5,4809.0,40.4288136,-3.7043854,"bar, establishment, food, point_of_interest, restaurant",2.0,things to do Malasaña Madrid
ChIJI0r_2JUpQg0R-r-DW8goU8I,Líbere Madrid Malasaña,4.7,275.0,40.4273698,-3.7027218,"establishment, lodging, point_of_interest",,things to do Malasaña Madrid
ChIJi47mkjcpQg0RMfOEvKagw58,Craft and Beer,4.8,79.0,40.424382,-3.7068263,"cafe, establishment, food, point_of_interest",,things to do Malasaña Madrid
ChIJC1mMs2IoQg0RnEQPTyiBOUs,Lamucca de Pez,4.4,11433.0,40.42333199999999,-3.7038714,"establishment, food, point_of_interest, restaurant",2.0,things to do Malasaña Madrid
ChIJpYV9-GIoQg0Rh80E_G_BAjA,"DOOC - Design, Objects and Other Things",4.8,66.0,40.4255132,-3.7049503,"establishment, furniture_store, home_goods_store, point_of_interest, store",,things to do Malasaña Madrid
ChIJ-wfI9WIoQg0Rd7teljHcvK4,La Colmada,4.5,976.0,40.4254392,-3.7043994,"establishment, food, point_of_interest, restaurant",1.0,things to do Malasaña Madrid
ChIJPc70zWIoQg0ROGzx08UOEc4,La Fiambrera Art Gallery,4.7,972.0,40.4240445,-3.7060596,"art_gallery, book_store, establishment, point_of_interest, store, tourist_attraction",,things to do Malasaña Madrid
ChIJk4MimxkpQg0RkbaFuin2do4,Erotic Massages Madrid DHARMA MASSAGES,4.7,83.0,40.422602,-3.7064726,"establishment, point_of_interest, spa",,things to do Malasaña Madrid
ChIJPWCllnApQg0RNX4ggMTnxTw,Brunchit,4.7,2636.0,40.425729,-3.708603799999999,"establishment, food, point_of_interest, restaurant",,things to do Malasaña Madrid
ChIJuYNDTIgoQg0R_RXZdj7vP5U,Tribu Malasaña,3.8,1825.0,40.42540109999999,-3.7012226,"establishment, lodging, point_of_interest",,things to do Malasaña Madrid
ChIJ8xKGEogoQg0REcIj5XURiIU,Bodega de la Ardosa,4.2,7436.0,40.4237683,-3.7017596,"bar, establishment, food, point_of_interest, restaurant",2.0,things to do Malasaña Madrid
ChIJ0RbRyv0pQg0RS9u2jqDIbOE,Mercado San Antón,4.3,23054.0,40.4220799,-3.6976883,"establishment, point_of_interest",,things to do Chueca Madrid
ChIJeQ--ZogoQg0RpbSSHRBuj8U,Mercado de San Ildefonso,4.3,16902.0,40.4241999,-3.7007819,"establishment, food, point_of_interest, tourist_attraction",,things to do Chueca Madrid
ChIJy7mJftwpQg0R86MajG_lICk,Santa La Vaca,4.7,2173.0,40.4227772,-3.6984203,"establishment, food, point_of_interest, restaurant",,things to do Chueca Madrid
ChIJ7QQvzYYpQg0Rkivc2DMGAok,millsonic,5.0,2.0,40.4229322,-3.6976553,"establishment, point_of_interest",,things to do Chueca Madrid
ChIJ1zd1J4YoQg0RPzo0-Ojqaxc,Chueca,,,40.423093,-3.6995645,"neighborhood, political",,things to do Chueca Madrid
ChIJDybEZ4YoQg0RegC678Qhqo0,Why Not,4.1,1007.0,40.42167329999999,-3.6986217,"bar, establishment, point_of_interest",2.0,things to do Chueca Madrid
ChIJxxrErIcoQg0RDO1_CHdJ0Jw,Jc Rooms Chueca,4.3,1408.0,40.4210438,-3.700369299999999,"establishment, lodging, point_of_interest",,things to do Chueca Madrid
ChIJVzf2vhIpQg0RNpBOjVrmbgo,UNOGRAPHY (SELF-PORTRAIT STUDIO),5.0,3065.0,40.4221317,-3.6990193,"establishment, point_of_interest, tourist_attraction",,things to do Chueca Madrid
ChIJo9wFwoUoQg0Rua9b7U_bvjw,BEE BEER Chueca | Craft Beer Bar y Catas,4.6,1237.0,40.4219766,-3.6969158,"bar, establishment, food, liquor_store, point_of_interest, restaurant, store, travel_agency",2.0,things to do Chueca Madrid
ChIJIUwEzYcoQg0RET6itjYMRGk,La Tita Rivera,4.1,8761.0,40.4224138,-3.7003522,"bar, establishment, food, point_of_interest, restaurant",2.0,things to do Chueca Madrid
ChIJJ4va1zgpQg0RgrhxSanLtFM,Nath Holistica,5.0,32.0,40.4229322,-3.6976553,"establishment, health, point_of_interest",,things to do Chueca Madrid
ChIJK-rFoIgoQg0RPo3lpUsfip8,Hostal Chueca,4.1,1652.0,40.4232983,-3.6988217,"establishment, lodging, point_of_interest",,things to do Chueca Madrid
ChIJQ5bTAYYoQg0RA9R_rWod49g,D'Mystic Gay Bar Chueca Madrid,4.0,1075.0,40.4232559,-3.6981039,"bar, establishment, point_of_interest",2.0,things to do Chueca Madrid
ChIJ16fGUIYoQg0RkTrrF3MZh3U,Long Play Madrid - Nightclub in Chueca,4.5,361.0,40.4211492,-3.6998159,"bar, establishment, night_club, point_of_interest",,things to do Chueca Madrid
ChIJSdN1ib4oQg0RXicHcMBs1ss,Plaza del Marqués de Salamanca,4.2,695.0,40.429521,-3.6796072,"establishment, point_of_interest",,things to do Salamanca Madrid
ChIJJ7e34rgoQg0RtzcvbjH2QyM,Salamanca,,,40.4279488,-3.68675,"political, sublocality, sublocality_level_1",,things to do Salamanca Madrid
ChIJKx77DIQoQg0R_gppYNKr4c0,Metropolis Building,4.7,6164.0,40.4188668,-3.697318199999999,"establishment, point_of_interest",,things to do Salamanca Madrid
ChIJB4Rlo2omPw0R18UowbXnna8,Salamanca Cathedral,4.7,18641.0,40.9606371,-5.665915,"church, establishment, place_of_worship, point_of_interest, tourist_attraction",,things to do Salamanca Madrid
ChIJCVapUJMoQg0R51ojYhYrmIs,Museo Arte Público,4.1,515.0,40.433083,-3.6876175,"establishment, museum, point_of_interest, tourist_attraction",,things to do Salamanca Madrid
ChIJ7fF3jpYoQg0RcfOxYBExJrY,Mercado de la Paz,4.5,11296.0,40.4273724,-3.6857317,"establishment, food, point_of_interest, restaurant, tourist_attraction",2.0,things to do Salamanca Madrid
ChIJzVIWUCwmQg0RQTDN0r5DBWE,La Casa Encendida,4.5,6527.0,40.4059604,-3.699816999999999,"establishment, museum, point_of_interest, tourist_attraction",,things to do Lavapiés Madrid
ChIJu_erQjImQg0RSGdXtET1-HU,Mercado de San Fernando,4.4,13937.0,40.4075235,-3.7039824,"bar, book_store, establishment, food, point_of_interest, restaurant, store, tourist_attraction",,things to do Lavapiés Madrid
ChIJBXttECwmQg0RjBY61T08hLU,"""Esta es una Plaza""",4.7,393.0,40.4072919,-3.6984508,"establishment, park, point_of_interest",,things to do Lavapiés Madrid
ChIJ4WazPSomQg0R1N0AA7ske7w,Mercado Antón Martín,4.4,9958.0,40.4114986,-3.6988306,"establishment, point_of_interest, tourist_attraction",,things to do Lavapiés Madrid
ChIJJa2ChKMnQg0Rpmu4479ENFA,"Mural ""Chimpancé"" de Okuda y Bordalo II",4.5,71.0,40.4084029,-3.7045849,"establishment, point_of_interest, tourist_attraction",,things to do Lavapiés Madrid
ChIJAfJmaKsnQg0R8O835usk1F8,La Marimala de Lavapiés,4.7,180.0,40.4072793,-3.702459,"bar, establishment, food, point_of_interest",,things to do Lavapiés Madrid
ChIJo7E0ONMnQg0RTbutn0SeCdI,Parque Casino de la Reina,4.0,1585.0,40.4061947,-3.7047148,"establishment, park, point_of_interest, tourist_attraction",,things to do Lavapiés Madrid
ChIJ-cVv0ysmQg0RQTZu6BQr9nw,Sauna Lavapies,3.7,306.0,40.4103403,-3.6981386,"establishment, health, night_club, point_of_interest, spa",,things to do Lavapiés Madrid
ChIJ9SVJaesnQg0RS4Ze2fqiay4,"La Aguja Lavapiés - Música en Vinilo, Copas y Cerveza fría",4.5,293.0,40.4105452,-3.7007534,"bar, establishment, point_of_interest",1.0,things to do Lavapiés Madrid
ChIJixrIOismQg0RSKOhrb2fnUs,Sala Juglar,4.2,658.0,40.4097148,-3.702099399999999,"bar, establishment, point_of_interest",2.0,things to do Lavapiés Madrid
ChIJP5v_UysmQg0R3iqdeqQAIwI,House of Sombrerete,4.2,70.0,40.4081755,-3.7025512,"establishment, point_of_interest, tourist_attraction",,things to do Lavapiés Madrid
ChIJzVED5UInQg0RRtiw1gwSkYY,Exclusive Rooftop Bar Lavapies,4.3,38.0,40.4095488,-3.7019191,"bar, establishment, point_of_interest",,things to do Lavapiés Madrid
ChIJWeHejismQg0RBICxZJYIUeU,La Playa de Lavapiés,4.0,1922.0,40.4083311,-3.6994439,"bar, establishment, food, point_of_interest, restaurant",1.0,things to do Lavapiés Madrid
ChIJ_Xb5TNQnQg0ROELYXd0By8M,Café Pavón,4.1,2052.0,40.4100928,-3.7062591,"bar, establishment, food, point_of_interest, restaurant",1.0,things to do Lavapiés Madrid
ChIJvXmWmiwmQg0RQUt3MPyVBYY,Los Chuchis,4.5,1701.0,40.40737499999999,-3.7011556,"bar, establishment, food, point_of_interest, restaurant",1.0,things to do Lavapiés Madrid
ChIJsVuaDSsmQg0Raqc6BWbUbpg,Café Barbieri Restaurante,4.1,2979.0,40.4093006,-3.7008829,"bar, establishment, food, point_of_interest, restaurant",2.0,things to do Lavapiés Madrid
ChIJobdBPJsnQg0R7_5RYQk9QOU,Citynizer Plaza - Lavapiés,4.3,1022.0,40.4111651,-3.706012899999999,"bar, establishment, food, point_of_interest, restaurant",2.0,things to do Lavapiés Madrid
ChIJX5jnfHgoQg0R7ejf9iuJZKI,Garden of the Prince of Anglona,4.3,2746.0,40.413523,-3.7114417,"establishment, point_of_interest, tourist_attraction",,things to do La Latina Madrid
ChIJASUJC3goQg0RREuVVQN2z5w,La Musa Latina,4.4,6864.0,40.4127644,-3.7119158,"bar, establishment, food, point_of_interest, restaurant",2.0,things to do La Latina Madrid
ChIJEbnaGjsoQg0RAA1e4eYbR1w,Latin Gate,4.7,21.0,40.4394379,-3.7314961,"establishment, point_of_interest",,things to do La Latina Madrid
ChIJlyS4XdYnQg0R0HvNvGO4seU,Mercado de la Cebada,4.3,9319.0,40.4109912,-3.7098772,"establishment, point_of_interest, store",,things to do La Latina Madrid
ChIJVUKvK3YoQg0ROZkJwsFy10w,Las Vistillas Garden,4.3,5820.0,40.4125885,-3.7154567,"establishment, park, point_of_interest, tourist_attraction",,things to do La Latina Madrid
ChIJCd5rR9gnQg0RUIJOfg7D19Y,Royal Basilica of Saint Francis the Great,4.7,8567.0,40.4104996,-3.7145483,"church, establishment, museum, place_of_worship, point_of_interest, tourist_attraction",,things to do La Latina Madrid
ChIJs54xcOUnQg0RYnV94hXDn4U,Parque de la Cuña Verde de Latina,4.3,4029.0,40.3999926,-3.7486467,"establishment, park, point_of_interest, tourist_attraction",,things to do La Latina Madrid
ChIJG1RQRRGJQQ0RNF0bKUI7i68,Laguna La Latina,4.7,6.0,40.3429607,-3.7648807,"establishment, park, point_of_interest",,things to do La Latina Madrid
ChIJvyD4IdYnQg0RpN614B-ee3Y,Casa Lucas,4.6,1933.0,40.4123164,-3.70942,"bar, establishment, food, point_of_interest, restaurant",2.0,things to do La Latina Madrid
ChIJyXJjMdQnQg0RPMdO34hY4dc,El Rastro (Outdoor market),4.3,416.0,40.4108036,-3.7070998,"establishment, point_of_interest",,things to do La Latina Madrid
ChIJDzMLBngoQg0RtqAM4XHTqYE,Plaza del Granado,5.0,1.0,40.4128852,-3.7124938,"establishment, park, point_of_interest",,things to do La Latina Madrid
ChIJsdaWKwOJQQ0R3QYBj9ZAyKc,Lago artificial,4.1,7.0,40.3992155,-3.7461602,"establishment, point_of_interest, tourist_attraction",,things to do La Latina Madrid
ChIJc_YO39cnQg0Rop41Ik-8Wkg,Capilla de Nuestra Señora y de San Juan de Letrán,4.6,154.0,40.4125065,-3.7115868,"church, establishment, place_of_worship, point_of_interest, tourist_attraction",,things to do La Latina Madrid
ChIJiVnTI7MnQg0R76iD4ww_5Mw,Secretos de Lola Blancanieves,4.3,6993.0,40.41244289999999,-3.7090415,"establishment, food, point_of_interest, restaurant",2.0,things to do La Latina Madrid
ChIJmyoT0T8pQg0RfXzsI8VCaqA,Museo Metro Chamartín,4.5,2394.0,40.4731803,-3.6830994,"establishment, museum, point_of_interest",,things to do Chamartín Madrid
ChIJy2ysG40pQg0RGZ4Pu3O6_L8,F1® Arcade Madrid,4.9,312.0,40.45400799999999,-3.691087,"bar, establishment, food, point_of_interest, restaurant",,things to do Chamartín Madrid
ChIJwdHqfxUpQg0RVpK7cgUW6yk,Chamartín-Clara Campoamor,3.5,7558.0,40.4721436,-3.6825397,"establishment, point_of_interest, train_station, transit_station",,things to do Chamartín Madrid
ChIJNanNArUpQg0R4WotgoMmv-U,Room Xpa - Masaje Erótico Madrid,5.0,16.0,40.4611934,-3.686874199999999,"establishment, point_of_interest",,things to do Chamartín Madrid
ChIJ_bXZpkEpQg0RhtZa4OpT--I,Bowling Chamartín,4.3,3938.0,40.4711234,-3.6828952,"bowling_alley, establishment, point_of_interest, store",,things to do Chamartín Madrid
ChIJA4pMcv4pQg0RT-VTzeMQowA,Tranvía antiguo de Pinar de Chamartín,4.9,8.0,40.4800581,-3.6667956,"establishment, point_of_interest",,things to do Chamartín Madrid
ChIJfWqoRO4oQg0RJmsBJPRvXB4,Monument of Queen Isabella I the Catholic,4.4,65.0,40.4403125,-3.6907474,"establishment, point_of_interest",,things to do Chamartín Madrid
ChIJEy9zi3AlQg0R5tflvkTaySo,Fundación Canal - Sala Castellana 214,4.5,6379.0,40.4641612,-3.6883998,"art_gallery, establishment, museum, park, point_of_interest, store",,things to do Chamartín Madrid
ChIJnaFcVAwpQg0RlPnGohdnmVk,"La ""Vieja Dama"" de Chamartín",3.5,4.0,40.4731895,-3.6788802,"establishment, museum, point_of_interest",,things to do Chamartín Madrid
ChIJ4xvHnYcpQg0Rbz0seAtH2JQ,Patio Andaluz,4.5,2.0,40.4355453,-3.6925234,"establishment, point_of_interest",,things to do Chamartín Madrid
ChIJKRr7UFInQg0RVrHZhJF4ntg,El Duende del Retiro,4.6,53.0,40.4164268,-3.679330299999999,"establishment, point_of_interest",,things to do Retiro Madrid
ChIJmx4vAgApQg0RKc5KVest8_A,Estanque del Palacio de Cristal,4.7,137.0,40.4138111,-3.6813631,"establishment, point_of_interest",,things to do Retiro Madrid
ChIJkQMEd5EpQg0RpzVdy98Equg,Parterre Garden,4.7,219.0,40.4152449,-3.687805399999999,"establishment, point_of_interest",,things to do Retiro Madrid
ChIJD8fOWAApQg0R7e8tumUkf0U,Puerta de Madrid del Parque de Retiro,4.8,29.0,40.421147,-3.6819726,"establishment, point_of_interest",,things to do Retiro Madrid
ChIJ0WCf-n0oQg0Ru2X3tgJX-lU,Lamucca del Carmen,4.3,10892.0,40.4190177,-3.7028457,"establishment, food, point_of_interest, restaurant",,restaurants Madrid center
ChIJS2Zl4r4pQg0RM8c_HYVr9FM,Chez Madrid,4.6,862.0,40.4148111,-3.6947031,"cafe, establishment, food, point_of_interest, restaurant, store",,restaurants Madrid center
ChIJrWmK6IAoQg0RBhKC7okwjF4,Restaurante La Catedral,4.0,5468.0,40.4165046,-3.7010618,"establishment, food, point_of_interest, restaurant",1.0,restaurants Madrid center
ChIJpVGJOEQpQg0R2jeclAx8S_I,Brisket Restaurante,4.8,1879.0,40.414289,-3.690141999999999,"establishment, food, point_of_interest, restaurant",2.0,restaurants Madrid center
ChIJJywhm6kpQg0R50IeUrlZr8Q,Restaurante Lola Sí Mola,4.6,2683.0,40.41321,-3.69658,"establishment, food, point_of_interest, restaurant",2.0,restaurants Madrid center
ChIJodXF12QoQg0RdOQC3ctDJpQ,Nice To Meet You Restaurant & Lounge,4.7,4739.0,40.4233495,-3.7104527,"bar, establishment, food, point_of_interest, restaurant",3.0,restaurants Madrid center
ChIJrV93tSkmQg0RXI9ZwkWEyhs,La Malontina,4.7,3140.0,40.4117951,-3.695416,"establishment, food, point_of_interest, restaurant",2.0,restaurants Madrid center
ChIJh5B6qGknQg0R13joyqXk1ik,El Sur de Moratín,4.5,1510.0,40.4124973,-3.6970534,"establishment, food, point_of_interest, restaurant",2.0,restaurants Madrid center
ChIJcdNLzdcpQg0RVzcdqEmBzfs,Gourmet Experience Gran Vía,4.4,2575.0,40.4195161,-3.7049295,"establishment, food, point_of_interest, restaurant",2.0,restaurants Madrid center
ChIJB8W--mEoQg0RdHFFdjOANnQ,Ochenta Grados Malasaña,4.5,8103.0,40.4286929,-3.7034745,"establishment, food, point_of_interest, restaurant",2.0,restaurants Malasaña Madrid
ChIJsYUYmmEoQg0RXsenuUxObPU,Dolores y Lola,4.7,880.0,40.4290278,-3.704883299999999,"bar, cafe, establishment, food, point_of_interest, restaurant, store",1.0,restaurants Malasaña Madrid
ChIJnaTbabMpQg0RXQfCSh-wOG8,Loca Obsesión Malasaña | Brunch Madrid,4.9,740.0,40.4232529,-3.703689,"cafe, establishment, food, point_of_interest, restaurant, store",,restaurants Malasaña Madrid
ChIJabiNDeMpQg0RqEH1keNYBAU,Boom Boom Ciao,4.7,7945.0,40.4285438,-3.7032247,"establishment, food, point_of_interest, restaurant",,restaurants Malasaña Madrid
ChIJ4-PMfWIoQg0RifHmlV7q74g,Okashi Sanda,4.7,3825.0,40.42575009999999,-3.7032679,"establishment, food, point_of_interest, restaurant",2.0,restaurants Malasaña Madrid
ChIJBYaXUGIoQg0RAIlKM0o3jio,Casa Macareno,4.6,4497.0,40.4259636,-3.7047437,"establishment, food, point_of_interest, restaurant",2.0,restaurants Malasaña Madrid
ChIJ69grEH0oQg0RVXdXtxPx80I,"Desengaño 13 - Restaurante en Malasaña, Gran Via",4.5,2194.0,40.421006,-3.7044281,"establishment, food, point_of_interest, restaurant",2.0,restaurants Malasaña Madrid
ChIJ310hFmMoQg0R7V6AHaJmcz4,Pez Tortilla,4.5,10726.0,40.4242754,-3.7065235,"bar, establishment, food, point_of_interest, restaurant",1.0,restaurants Malasaña Madrid
ChIJu1h3Tn0oQg0RR9opVhNF4Ck,Perro y la Galleta - Restaurant,4.3,3753.0,40.4226761,-3.7036113,"establishment, food, point_of_interest, restaurant",2.0,restaurants Malasaña Madrid
ChIJY4KPo2UoQg0RJHVUMCkDw9M,El Jardín Secreto Madrid,4.3,4885.0,40.4258057,-3.7115025,"bar, cafe, establishment, food, point_of_interest, restaurant, store",2.0,restaurants Malasaña Madrid
ChIJ82HjW4YpQg0R3w9pl6LUKpM,Canalla Tacos y Tragos Malasaña,4.7,125.0,40.4231393,-3.7043657,"establishment, food, point_of_interest, restaurant",,restaurants Malasaña Madrid
ChIJNQhNBI0pQg0RTfVczDR9MU4,Lab84 Malasaña,4.8,3438.0,40.4221216,-3.7030458,"bar, establishment, food, meal_delivery, meal_takeaway, point_of_interest, restaurant",2.0,restaurants Malasaña Madrid
ChIJuZ-oRmopQg0RpYDgNgBPwtw,80/20 - Restaurante Malasaña,4.7,526.0,40.42912219999999,-3.7038526,"establishment, food, point_of_interest, restaurant",,restaurants Malasaña Madrid
ChIJywBgc2IoQg0RbqlxYGstetg,Velarde 13,4.6,1037.0,40.42684,-3.70319,"bar, establishment, food, liquor_store, point_of_interest, restaurant, store",1.0,restaurants Malasaña Madrid
ChIJf-WOiOUpQg0RkEHzuKIHHZw,Calpulli - Restaurante Mexicano Auténtico y Casero - Malasaña Madrid,4.9,70.0,40.42877259999999,-3.7041475,"establishment, food, point_of_interest, restaurant",,restaurants Malasaña Madrid
ChIJfWmVyOwpQg0RUByC4zLkQCs,Taquería Tacoctelería : Restaurante Mexicano y Coctelería en Malasaña,4.7,3363.0,40.42103820000001,-3.7021806,"bar, establishment, food, point_of_interest, restaurant",,restaurants Malasaña Madrid
ChIJxy1qjGIoQg0RsM3IvzrqCYw,El Balcón de Malasaña,4.2,1698.0,40.4251899,-3.7039343,"bar, cafe, establishment, food, point_of_interest, restaurant, store",2.0,restaurants Malasaña Madrid
ChIJc6JSnIUoQg0RP3HpASRiRzk,Casa Marius,4.2,2089.0,40.42246,-3.69537,"establishment, food, point_of_interest, restaurant",2.0,restaurants Chueca Madrid
ChIJbS6xTbEpQg0RAhJSRPxL03s,Taberna el Buo,3.8,1786.0,40.4232169,-3.6983205,"bar, establishment, food, point_of_interest, restaurant",2.0,restaurants Chueca Madrid
ChIJkWzWJFYpQg0Rdo_ybceIiu8,Ramen Shifu- Chueca,4.7,2882.0,40.4207563,-3.6999867,"establishment, food, point_of_interest, restaurant",1.0,restaurants Chueca Madrid
ChIJvbTaRWIpQg0RNDY9479k4sU,La Kama Garden.,4.5,834.0,40.4228254,-3.699927,"establishment, food, point_of_interest, restaurant",,restaurants Chueca Madrid
ChIJoRRuaH8pQg0RvMPAz4bgjio,Kazu,4.8,1095.0,40.424363,-3.6973926,"establishment, food, point_of_interest, restaurant",1.0,restaurants Chueca Madrid
ChIJieKSiNQpQg0RZoUmD_ul7IM,"Lalina Bravas, Tapas y copas. Restaurante Gluten-free en Chueca",4.3,1735.0,40.4226209,-3.6964781,"establishment, food, point_of_interest, restaurant",1.0,restaurants Chueca Madrid
ChIJiblD2NspQg0RnF0V82FGnN4,Restaurante Carbón,4.5,11252.0,40.432808,-3.6781476,"establishment, food, point_of_interest, restaurant",3.0,restaurants Salamanca Madrid
ChIJdw6PSPgpQg0RQOUMsuL9Egg,Casa Julián | Restaurante Barrio Salamanca,4.4,986.0,40.4290657,-3.6855006,"establishment, food, point_of_interest, restaurant",2.0,restaurants Salamanca Madrid
ChIJDYuxgVYpQg0RSwkW62uKMlw,Pagus Brasa Calabresa | Restaurante italiano Barrio Salamanca,4.7,626.0,40.4312096,-3.6773928,"establishment, food, meal_delivery, point_of_interest, restaurant",2.0,restaurants Salamanca Madrid
ChIJrVv2qS0pQg0R0steL1Zv2p0,El Gran Asador Lecanda,4.6,705.0,40.425816,-3.6851837,"establishment, food, point_of_interest, restaurant",,restaurants Salamanca Madrid
ChIJHdnMq5UoQg0RwLxb_sl_r5o,Taberna Puerto Lagasca,4.4,955.0,40.4311397,-3.6848427,"bar, establishment, food, point_of_interest, restaurant",2.0,restaurants Salamanca Madrid
ChIJYQ-auNUnQg0Rqa-3bc3f5T8,Toga Restaurante,4.7,3040.0,40.4110744,-3.7066678,"bar, establishment, food, point_of_interest, restaurant",2.0,restaurants Lavapiés Madrid
ChIJecZkQSomQg0RTRWHqmzTAuY,Restaurante La Esperanza,4.5,2615.0,40.4114612,-3.6994021,"bar, establishment, food, point_of_interest, restaurant",2.0,restaurants Lavapiés Madrid
ChIJlclfyIMnQg0Rl1C218BIpv8,Tatema Madrid,4.5,1466.0,40.4082989,-3.6992193,"establishment, food, point_of_interest, restaurant",,restaurants Lavapiés Madrid
ChIJhTceECsmQg0R6_SF_c2Mo8Q,Bar Melo's Lavapiés,4.4,3889.0,40.4097954,-3.701084099999999,"bar, establishment, food, point_of_interest, restaurant",1.0,restaurants Lavapiés Madrid
ChIJw6D0ZgAnQg0RtgHNE3YV8dY,Rambal,4.5,401.0,40.4118255,-3.7031272,"establishment, food, point_of_interest, restaurant",,restaurants Lavapiés Madrid
ChIJb--hcSkmQg0RQJurZ9RM3dY,Mas Al Sur,4.3,5429.0,40.4100538,-3.6969465,"bar, establishment, food, point_of_interest, restaurant",1.0,restaurants Lavapiés Madrid
ChIJ31PkD9UnQg0RDKNFqQcPIqw,Taberna Antonio Sánchez - 1787 - La Taberna más antigua de Madrid,4.3,2687.0,40.4111281,-3.7048072,"establishment, food, meal_takeaway, point_of_interest, restaurant",2.0,restaurants Lavapiés Madrid
ChIJmepX4yomQg0RgNvLdNXOPS4,Moharaj,4.5,2467.0,40.4109796,-3.7006743,"establishment, food, point_of_interest, restaurant",1.0,restaurants Lavapiés Madrid
ChIJ3w4hGUgnQg0RUBe1u11PXiw,Taberna pirámide,4.8,176.0,40.4106742,-3.6993909,"establishment, food, point_of_interest, restaurant",,restaurants Lavapiés Madrid
ChIJeQOLu-wnQg0RWMB_J6xXJYo,Bresca,4.5,4200.0,40.4107014,-3.6994784,"establishment, food, point_of_interest, restaurant",2.0,restaurants Lavapiés Madrid
ChIJB4WdJOUnQg0R2o8RbtoZLLo,La Lorenza,4.5,1022.0,40.4088255,-3.6989183,"bar, establishment, food, point_of_interest, restaurant",2.0,restaurants Lavapiés Madrid
ChIJ0fx4SyomQg0RhKehP8f6ggs,"Piccola Trattoria, Madrid",4.6,886.0,40.4105841,-3.699373199999999,"establishment, food, point_of_interest, restaurant",2.0,restaurants Lavapiés Madrid
ChIJmQKyyC4mQg0RhfVjmzxTrKQ,O Pazo de Lugo La Canibal,4.2,2577.0,40.4075336,-3.696494699999999,"bar, establishment, food, point_of_interest, restaurant",2.0,restaurants Lavapiés Madrid
ChIJW046hywmQg0Rx092PRNFdjI,Bar El Boqueron,4.5,2539.0,40.4074456,-3.7004455,"bar, establishment, food, point_of_interest, restaurant",1.0,restaurants Lavapiés Madrid
ChIJvdlhrngoQg0RFmx7kraNRUg,Taberna LA CONCHA,4.5,3982.0,40.4131907,-3.7083581,"bar, establishment, food, point_of_interest, restaurant",2.0,restaurants La Latina Madrid
ChIJr-omKZwnQg0RjDUTUteK6NE,Taberna La Patosa,4.8,508.0,40.4104943,-3.7102621,"bar, establishment, food, point_of_interest, restaurant",,restaurants La Latina Madrid
ChIJNfglqXgoQg0Rjj0YFs3NdmM,Posada de la Villa,4.5,4108.0,40.41308550000001,-3.7084508,"establishment, food, point_of_interest, restaurant",3.0,restaurants La Latina Madrid
ChIJWeLWq3goQg0RTKBswSaAe5Q,LA TABERNA DEL CAPITÁN ALATRISTE,4.5,2891.0,40.4129219,-3.7083015,"establishment, food, point_of_interest, restaurant",3.0,restaurants La Latina Madrid
ChIJm32oGNYnQg0RUgQ3VfxemDk,La Perejila,4.5,2929.0,40.4123164,-3.7092258,"bar, establishment, food, point_of_interest, restaurant",1.0,restaurants La Latina Madrid
ChIJP_meuUwnQg0RXfg2LWBJSsU,Restaurante BARMITÓN,4.7,430.0,40.4123008,-3.7087873,"establishment, food, point_of_interest, restaurant",,restaurants La Latina Madrid
ChIJWW-gXgAnQg0RHyEYSGMQPmk,Alto Bardero,4.7,1092.0,40.4113462,-3.7111179,"establishment, food, point_of_interest, restaurant",,restaurants La Latina Madrid
ChIJE9bjkdcnQg0R7TK_jz2Pki8,Taberna Almería,4.5,2005.0,40.4108844,-3.7124007,"bar, establishment, food, point_of_interest, restaurant",1.0,restaurants La Latina Madrid
ChIJ4eUsJ9gnQg0REdO-ao4VCpk,La Taberna Sanlúcar,4.5,2057.0,40.4109627,-3.713167,"bar, establishment, food, point_of_interest, restaurant",1.0,restaurants La Latina Madrid
ChIJO7v4RzgnQg0R73yclY63_fw,Toguita Restaurante,4.7,811.0,40.4122192,-3.7082191,"establishment, food, point_of_interest, restaurant",2.0,restaurants La Latina Madrid
ChIJ_bkgzjwnQg0RhyKJ_Ju4I-k,marmitón bistró,4.7,900.0,40.4108261,-3.7122004,"establishment, food, point_of_interest, restaurant",,restaurants La Latina Madrid
ChIJjTElVSyIQQ0R5J3uj1YKeOs,Casa Lucio,4.2,10815.0,40.4120839,-3.709635599999999,"establishment, food, point_of_interest, restaurant",2.0,restaurants La Latina Madrid
ChIJvVxOe_cnQg0RgAIhtCFzZx4,La Taberna de Peñalver Cava Baja,4.8,8424.0,40.4120894,-3.7100385,"establishment, food, point_of_interest, restaurant",2.0,restaurants La Latina Madrid
ChIJqUM0fDknQg0RgNnnDw53nbc,Infame Restaurant,4.7,623.0,40.41252009999999,-3.7083315,"establishment, food, point_of_interest, restaurant",,restaurants La Latina Madrid
ChIJxW4oDngoQg0RiTT7l4uLOBs,Restaurante Argentino El Camoatí,4.6,2160.0,40.4133476,-3.7124022,"bar, establishment, food, point_of_interest, restaurant",2.0,restaurants La Latina Madrid
ChIJ27LkMtYnQg0R_qp4iSYR1UY,Lamiak Cava Baja,4.5,3888.0,40.41188959999999,-3.7104224,"bar, establishment, food, point_of_interest, restaurant",2.0,restaurants La Latina Madrid
ChIJLWGeQhkpQg0RCEREqV9tnRU,El Olvido | Restaurante Chamartín,4.4,3028.0,40.4605438,-3.6869077,"bar, cafe, establishment, food, meal_takeaway, point_of_interest, restaurant, store",2.0,restaurants Chamartín Madrid
ChIJq806_rMpQg0R1WJ3PrwNcec,CONTIENTO | RESTAURANTE CHAMARTIN,4.8,397.0,40.4485184,-3.6690271,"establishment, food, point_of_interest, restaurant",,restaurants Chamartín Madrid
ChIJ7VN8vyApQg0RM6OSF0OJAaU,Restaurante Mar y Tierra Chamartín,4.5,1512.0,40.4557361,-3.6784966,"establishment, food, point_of_interest, restaurant",2.0,restaurants Chamartín Madrid
ChIJtfgePSQpQg0RQWumstr-w_E,PAIPÁI,4.5,2534.0,40.4602022,-3.6760809,"establishment, food, point_of_interest, restaurant",2.0,restaurants Chamartín Madrid
ChIJwaG-qCApQg0R6QDsG60Y9as,Cachivache l Restaurante Chamartín,4.3,2767.0,40.4546521,-3.6781132,"bar, establishment, food, point_of_interest, restaurant",2.0,restaurants Chamartín Madrid
ChIJx0IccikpQg0RpJ4i5pMt4T4,MACHICO,4.2,1427.0,40.4689469,-3.686305099999999,"establishment, food, point_of_interest, restaurant",2.0,restaurants Chamartín Madrid
ChIJZWVeWrIpQg0RtF9lNbXfauc,La Quinta de Chamartín,4.6,788.0,40.45723599999999,-3.6760928,"establishment, food, point_of_interest, restaurant",1.0,restaurants Chamartín Madrid
ChIJIwS3EHIpQg0R2NolBn-O0fM,Sa Vida Wine Restaurant,4.9,275.0,40.4636283,-3.6879643,"bar, establishment, food, point_of_interest, restaurant",,restaurants Chamartín Madrid
ChIJ3VA-3h4pQg0RHYqgWgcIiPI,Rocacho,4.4,1635.0,40.4580277,-3.6855127,"establishment, food, point_of_interest, restaurant",3.0,restaurants Chamartín Madrid
ChIJc_WoXL0pQg0Rk575wcU8nZQ,Restaurante Brasserie Lafayette Madrid | Restaurantes Chamartin,4.5,1280.0,40.4410501,-3.6806904,"establishment, food, point_of_interest, restaurant",3.0,restaurants Chamartín Madrid
ChIJfQp_dqopQg0RkjBa7jR-pCQ,Burmet Chamartin,4.8,3211.0,40.4440842,-3.6763222,"establishment, food, point_of_interest, restaurant",2.0,restaurants Chamartín Madrid
ChIJyduziRkpQg0RHPRZoJF3bxY,Asgaya,4.5,2424.0,40.4625697,-3.6875835,"establishment, food, point_of_interest, restaurant",3.0,restaurants Chamartín Madrid
ChIJr44Qw5YpQg0RM_n7yF81ZUw,La Dorita,4.9,1214.0,40.4623677,-3.6867862,"establishment, food, point_of_interest, restaurant",,restaurants Chamartín Madrid
ChIJT4XD4e0pQg0RDL2gNlCeXCQ,Candela | Restaurante Bernabéu,4.5,1015.0,40.4503911,-3.6883892,"bar, establishment, food, point_of_interest, restaurant",,restaurants Chamartín Madrid
ChIJQwOltTwpQg0Rodds_CUdtx0,El Lince de Chamartín - Restaurante,4.6,1009.0,40.4596895,-3.6769405,"establishment, food, point_of_interest, restaurant",2.0,restaurants Chamartín Madrid
ChIJn61YLxcpQg0RJ6BMspX584Y,La Albufera,4.8,166.0,40.4672477,-3.684160599999999,"establishment, food, point_of_interest, restaurant",,restaurants Chamartín Madrid
ChIJAQAAANsoQg0RLpzeyYkJCCw,Restaurante Rías Bajas,4.5,2688.0,40.4425801,-3.6711912,"establishment, food, point_of_interest, restaurant",2.0,restaurants Chamartín Madrid
ChIJxyrVpRUpQg0RWP-FrB_bmiw,Cerveceria Pepe,3.9,2482.0,40.4708119,-3.6851941,"establishment, food, point_of_interest, restaurant",1.0,restaurants Chamartín Madrid
ChIJKd791mkpQg0RsdF8sAJ4G-0,EL KIOSKO | Pinar de Chamartín,4.0,1142.0,40.4755698,-3.6712669,"bar, establishment, food, point_of_interest, restaurant",2.0,restaurants Chamartín Madrid
ChIJB1g0ks0pQg0RvdhfeWWYdJA,Ochenta Grados Castellana,4.4,5412.0,40.4499374,-3.6902337,"establishment, food, point_of_interest, restaurant",2.0,restaurants Chamartín Madrid
ChIJSejPvKMoQg0ROoVE0ipgr48,Vinos de Bellota Restaurante en El Retiro,4.5,1822.0,40.4207671,-3.6788285,"establishment, food, point_of_interest, restaurant",2.0,restaurants Retiro Madrid
ChIJbbmsh6MoQg0RI18Kc0Wbf94,Taberna & Media,4.6,1812.0,40.4207946,-3.6777234,"bar, establishment, food, point_of_interest, restaurant",2.0,restaurants Retiro Madrid
ChIJvRIIZbUpQg0RQ7GY43iAN4k,La Tasca del Retiro,4.2,1895.0,40.4206788,-3.6793678,"establishment, food, point_of_interest, restaurant",2.0,restaurants Retiro Madrid
ChIJCbdN4owpQg0ReE0t3ZrWlNs,La Cocina de Frente | Restaurante Retiro,4.5,1128.0,40.4178874,-3.6738317,"bar, establishment, food, point_of_interest, restaurant",2.0,restaurants Retiro Madrid
ChIJxc8TQW4pQg0RKnCmBQI_7nE,Erre Que Erre Retiro,4.7,2414.0,40.4175808,-3.6764774,"establishment, food, point_of_interest, restaurant",2.0,restaurants Retiro Madrid
ChIJkew6caQoQg0R6RBK8Fg9WSo,La Raquetista | Restaurante Retiro,4.5,2346.0,40.4205292,-3.6771641,"bar, establishment, food, point_of_interest, restaurant",2.0,restaurants Retiro Madrid
ChIJz4l9e5koQg0RDbY1ppaJ0no,El Perro y La Galleta - Restaurant,4.3,7647.0,40.4205221,-3.6873527,"establishment, food, point_of_interest, restaurant",2.0,restaurants Retiro Madrid
ChIJIavki6MoQg0RIcftmNCp3ZE,La Taberna De Buendi - Restaurante en Retiro Madrid,4.5,1815.0,40.4205373,-3.6778925,"bar, establishment, food, point_of_interest, restaurant",2.0,restaurants Retiro Madrid
ChIJS7A_UKEoQg0RaGuDGIr6cmg,KultO | Restaurante Retiro Madrid,4.2,2130.0,40.4181712,-3.6780725,"bar, establishment, food, point_of_interest, restaurant",3.0,restaurants Retiro Madrid
ChIJpzaPr6MoQg0RkJor_EANvyk,Arzábal | Restaurante Retiro Madrid,4.1,4622.0,40.42042379999999,-3.6792568,"bar, establishment, food, point_of_interest, restaurant",3.0,restaurants Retiro Madrid
ChIJw4R74KMoQg0RMD9EuErEAhk,Restaurante Arrocería Zoko en el Retiro,4.1,2526.0,40.4188814,-3.678776,"establishment, food, point_of_interest, restaurant",2.0,restaurants Retiro Madrid
ChIJd8pSDqQoQg0R3svufSPc8-k,Sazón-arte,4.7,843.0,40.4195495,-3.6770643,"establishment, food, point_of_interest, restaurant",2.0,restaurants Retiro Madrid
ChIJbT45paspQg0RK6WylmgXLds,Salino l Restaurante Retiro,4.4,1702.0,40.4194531,-3.6785384,"establishment, food, point_of_interest, restaurant",2.0,restaurants Retiro Madrid
ChIJSfD7pn4pQg0RkrRBFQOI_TM,Sa Brisa - Restaurante Ibicenco Madrid,4.5,3294.0,40.4201825,-3.6792346,"establishment, food, point_of_interest, restaurant",,restaurants Retiro Madrid
ChIJTZgjcKkpQg0RunYILPy0kkw,Gaditana Retiro,4.7,1402.0,40.4201781,-3.675574499999999,"establishment, food, point_of_interest, restaurant",,restaurants Retiro Madrid
ChIJvbVlraYoQg0RxDsfEQHylJc,Restaurante Mercado de Ibiza Retiro,4.3,2790.0,40.41819419999999,-3.6773015,"bar, establishment, food, point_of_interest, restaurant",2.0,restaurants Retiro Madrid
ChIJIaM-yx4mQg0RJNdZGUJoTLM,Florida Park Bar & Restaurant,3.9,11809.0,40.4182294,-3.6802075,"bar, cafe, establishment, food, night_club, point_of_interest, restaurant, store",3.0,restaurants Retiro Madrid
ChIJ4SqgeCcmQg0R1PldS0YrCNU,El 17 de Moreto,4.3,2613.0,40.4129474,-3.6902009,"establishment, food, point_of_interest, restaurant",2.0,restaurants Retiro Madrid
ChIJfbJAgPwnQg0Ry8Yv-uQ75Jc,Restaurante Urbieta 13,4.6,279.0,40.4048287,-3.6774966,"establishment, food, point_of_interest, restaurant",,restaurants Retiro Madrid
ChIJ0XXGn6IoQg0Ry45lJ-RIhw8,Thai Retiro - thai restaurant,4.7,777.0,40.4223327,-3.682755199999999,"establishment, food, point_of_interest, restaurant",1.0,restaurants Retiro Madrid
ChIJt3KjaJwpQg0RNgKYBEfCds8,Playing Solo,4.9,181.0,40.4286714,-3.705306,"establishment, food, point_of_interest, restaurant",,best restaurants Malasaña Madrid
ChIJ5e-qmmEoQg0R1fdTusAW6Rc,Bar Amor,4.6,909.0,40.42886439999999,-3.7047204,"bar, establishment, food, point_of_interest, restaurant",2.0,best restaurants Malasaña Madrid
ChIJSTg-heQpQg0RS53L0tsxLy4,Le Praliné Brunch / Malasaña,4.9,611.0,40.42234,-3.7026183,"cafe, establishment, food, point_of_interest, restaurant, store",,best restaurants Malasaña Madrid
ChIJrwwishwpQg0R5gzw_9Q_Iio,EatMyTrip Malasaña Brunch & Dinner,4.7,3044.0,40.4285831,-3.7039006,"cafe, establishment, food, meal_takeaway, point_of_interest, restaurant, store",2.0,best restaurants Malasaña Madrid
ChIJOdKZ_GEoQg0RhFa5I07N5ZY,Restaurante Etíope Nuria,4.6,2216.0,40.4287223,-3.7031191,"establishment, food, point_of_interest, restaurant",2.0,best restaurants Malasaña Madrid
ChIJJ_CEsK8pQg0RQq11v_nY3Rg,My Pasta My Art,4.7,18309.0,40.42535,-3.703069,"establishment, food, point_of_interest, restaurant",2.0,best restaurants Malasaña Madrid
ChIJpcARjTInQg0Rg-HLORRPqno,El Gorrión Taberna,5.0,108.0,40.406666,-3.700721199999999,"bar, establishment, food, point_of_interest, restaurant",,best restaurants Lavapiés Madrid
ChIJ30vsw8onQg0RIvvM9mzK9sw,Okashi Lavapies,4.9,691.0,40.4078378,-3.6997858,"establishment, food, point_of_interest, restaurant",,best restaurants Lavapiés Madrid
ChIJrR0m3QUnQg0RuvapwunE1-I,Brasa Gaucha Grill Madrid,4.8,4277.0,40.4081665,-3.6981869,"establishment, food, point_of_interest, restaurant",,best restaurants Lavapiés Madrid
ChIJczcynF8nQg0RbJG7DRd3zH0,Bolboreta,4.9,290.0,40.4117562,-3.7003434,"establishment, food, point_of_interest, restaurant",,best restaurants Lavapiés Madrid
ChIJobgaBe4nQg0RGM0cwwbanOI,Carmencita Brunch Lavapiés,4.8,1933.0,40.407482,-3.6998048,"cafe, establishment, food, point_of_interest, restaurant, store",1.0,best restaurants Lavapiés Madrid
ChIJMz0uEPonQg0RrTePjJCedbc,Mad Mad Vegan,4.8,2803.0,40.4111134,-3.7030389,"establishment, food, point_of_interest, restaurant",2.0,best restaurants Lavapiés Madrid
ChIJz6z5XUInQg0R0b_tLRV7EY0,Restaurante Dakar,4.8,369.0,40.4103466,-3.701043799999999,"establishment, food, point_of_interest, restaurant",,best restaurants Lavapiés Madrid
ChIJq0jdSyomQg0RluQoAB9Hk4M,Casa Pachuco,4.7,723.0,40.4107935,-3.699416299999999,"establishment, food, point_of_interest, restaurant",1.0,best restaurants Lavapiés Madrid
ChIJ749gZ2gnQg0Rp2wea5PTk60,Souksou - Couscous Bar - Restaurante marroquí,4.9,811.0,40.4079533,-3.699808,"establishment, food, point_of_interest, restaurant",,best restaurants Lavapiés Madrid
ChIJWfMmU3gnQg0RkQLd_hvW7D0,Bahari Indian Restaurant,4.7,277.0,40.40982289999999,-3.7026204,"establishment, food, point_of_interest, restaurant",,best restaurants Lavapiés Madrid
ChIJVfTPeIwpQg0RHl6hGUzNzrM,Taberna 4 Tapas,4.6,2855.0,40.413605,-3.7084304,"bar, establishment, food, point_of_interest, restaurant",,best restaurants La Latina Madrid
ChIJp5iX4hInQg0Rp13qDETNvZI,Trèsde,4.7,480.0,40.4120285,-3.7092102,"establishment, food, point_of_interest, restaurant",,best restaurants La Latina Madrid
ChIJWW-bqHgoQg0RjCxHSqjz3VA,Cava de Illán - Restaurante Tradicional Madrid,4.7,1414.0,40.4130118,-3.7086736,"establishment, food, point_of_interest, restaurant",2.0,best restaurants La Latina Madrid
ChIJfeHwR9ooQg0RKSr_J2VTh70,Restaurante Casa Benigna,4.7,2401.0,40.448113,-3.6742458,"establishment, food, point_of_interest, restaurant",3.0,best restaurants Chamartín Madrid
ChIJoa2Liz4pQg0R0ZAEQFcKcxg,Maitia Taberna Maitia,4.6,544.0,40.454549,-3.6797745,"bar, establishment, food, point_of_interest, restaurant",3.0,best restaurants Chamartín Madrid
ChIJz7yWQsEpQg0RFH6ISsrjT_I,Fonda de la confianza,4.8,691.0,40.461153,-3.6865734,"establishment, food, point_of_interest, restaurant",,best restaurants Chamartín Madrid
ChIJ--n7_NsoQg0RK514XbTAru8,The Market Madrid,4.7,594.0,40.4424155,-3.6700341,"bar, establishment, food, point_of_interest, restaurant",2.0,best restaurants Chamartín Madrid
ChIJBdcSCYcpQg0RlCFCGMnBvw0,Sushi Ichi,4.9,1659.0,40.4613374,-3.6864783,"establishment, food, point_of_interest, restaurant",,best restaurants Chamartín Madrid
ChIJD099fRQpQg0RAkLp2yCxiaI,Casa Narcisa,4.7,3258.0,40.471884,-3.687167,"establishment, food, point_of_interest, restaurant",3.0,best restaurants Chamartín Madrid
ChIJ9RC9YBkpQg0RruaSQUvhgDI,Sacha Restaurant,4.6,1207.0,40.4608409,-3.6872166,"establishment, food, point_of_interest, restaurant",3.0,best restaurants Chamartín Madrid
ChIJ4xo7eZwoQg0RP-pL1RPzx2A,Restaurante Alabaster,4.6,1784.0,40.4181939,-3.689884,"establishment, food, point_of_interest, restaurant",3.0,best restaurants Retiro Madrid
ChIJxwh3iqMoQg0RulSwkxukTas,Restaurante La Montería,4.5,3356.0,40.42027909999999,-3.6775336,"bar, establishment, food, point_of_interest, restaurant",2.0,best restaurants Retiro Madrid
ChIJAeBDbKQoQg0RPrHaA80b-X8,La Castela,4.6,6529.0,40.4203106,-3.6766423,"bar, establishment, food, point_of_interest, restaurant",2.0,best restaurants Retiro Madrid
ChIJnYuYnZwoQg0RFcTu7EwIyXE,Restaurante Vinoteca García de la Navarra,4.6,1109.0,40.4182867,-3.6912229,"establishment, food, point_of_interest, restaurant",2.0,best restaurants Retiro Madrid
ChIJb45QYJwoQg0RYgf5ZgmxEMY,Restaurante Adrede,4.6,938.0,40.4171997,-3.6903053,"establishment, food, point_of_interest, restaurant",2.0,best restaurants Retiro Madrid
ChIJcW2y9fMpQg0RxqIXc69bWRU,La Catapa,4.5,1277.0,40.419409,-3.677358,"establishment, food, point_of_interest, restaurant",3.0,best restaurants Retiro Madrid
ChIJaR7r96MoQg0RbluPlg4NSYQ,Taberna Laredo,4.5,3577.0,40.4201583,-3.6751321,"bar, establishment, food, point_of_interest, restaurant",3.0,best restaurants Retiro Madrid
ChIJQXUp0qUoQg0Rv9DotsANAuQ,Restaurante Ogrelo.,4.6,4235.0,40.4194447,-3.6742675,"establishment, food, point_of_interest, restaurant",3.0,best restaurants Retiro Madrid
ChIJQwyORmEpQg0RwTNQCnv4_eI,VEIA Café & Clubhouse,4.9,308.0,40.4166441,-3.6743842,"bar, cafe, establishment, food, point_of_interest, restaurant, store",,best restaurants Retiro Madrid
ChIJu-Z5oSUpQg0RL28YpIkgNCA,Coco Social House - Madrid,4.7,3200.0,40.42579629999999,-3.6961122,"cafe, establishment, food, point_of_interest, restaurant, store",2.0,best restaurants Retiro Madrid
ChIJ3wNHbIcoQg0RV3XOURPqLNA,Tapa Tapa Montera,4.6,37096.0,40.4196362,-3.7019526,"bar, establishment, food, point_of_interest, restaurant",2.0,tapas Madrid center
ChIJE0_PPsEpQg0RwGpd_9kfwjo,Tapa Tapa Santa Ana,4.6,10976.0,40.4149252,-3.7012135,"bar, establishment, food, point_of_interest, restaurant",2.0,tapas Madrid center
ChIJn4tKhIYoQg0Rw9cKvPBy52o,El Respiro,4.3,4048.0,40.4202684,-3.6982809,"bar, establishment, food, point_of_interest, restaurant",1.0,tapas Madrid center
ChIJkWm0Vc4pQg0R8eh1OYiqx0k,Bar Tapería TapaSpaña,4.3,4489.0,40.4231414,-3.7109709,"bar, establishment, food, point_of_interest, restaurant",2.0,tapas Madrid center
ChIJb6hv9NkpQg0Rh1FjIHgP68U,Cañas y Tapas,4.6,3977.0,40.414403,-3.7007225,"bar, establishment, food, point_of_interest, restaurant",1.0,tapas Madrid center
ChIJReV7gYAoQg0RX5wpI4epZ-w,Malaspina,4.3,6049.0,40.4158435,-3.7026826,"bar, establishment, food, point_of_interest, restaurant",1.0,tapas Madrid center
ChIJw38AKuQpQg0R-St8gyjmBYI,Botequim Tapas Bar,4.9,1718.0,40.4252756,-3.7034897,"bar, cafe, establishment, food, point_of_interest, restaurant, store",,tapas Madrid center
ChIJIVtAioAoQg0RvLcPEcB-8DI,Casa Toni,4.5,4740.0,40.41559970000001,-3.701841,"bar, establishment, food, point_of_interest, restaurant",1.0,tapas Madrid center
ChIJBWXp080pQg0R8tisZeuwr14,Cañas y Tapas,4.4,1618.0,40.4177097,-3.7027222,"bar, establishment, food, point_of_interest, restaurant",1.0,tapas Madrid center
ChIJZ6yb2H8oQg0RzdKpCrMGPUo,Matador,4.6,3969.0,40.4147474,-3.7028291,"bar, establishment, food, point_of_interest, restaurant",1.0,tapas Madrid center
ChIJKaWFh4AoQg0R-CGD9QPqfvE,Tapas & Más,4.1,1547.0,40.4154882,-3.702386699999999,"bar, establishment, food, point_of_interest, restaurant",1.0,tapas Madrid center
ChIJkXn3OYgoQg0RUGLHZER6aEU,Tapería de Malasaña,4.0,2224.0,40.424962,-3.701937799999999,"bar, establishment, food, point_of_interest, restaurant",1.0,tapas Malasaña Madrid
ChIJRVeoEogoQg0R4ObJkupg3do,Casa Baranda,4.2,2196.0,40.4237119,-3.7016477,"bar, establishment, food, point_of_interest, restaurant",,tapas Malasaña Madrid
ChIJydfuR30oQg0Ra7iePtWsMVY,Circo de las Tapas,4.0,1962.0,40.4223635,-3.7041732,"bar, establishment, food, point_of_interest, restaurant",2.0,tapas Malasaña Madrid
ChIJAydCkGEoQg0RjtLOTgm_STo,La Mejor Flor Bar,4.7,348.0,40.428831,-3.704717,"bar, establishment, food, point_of_interest, restaurant",2.0,tapas Malasaña Madrid
ChIJ-_h6RAApQg0RNKDcdUaq53M,Taberna 9,5.0,18.0,40.4264461,-3.7037942,"bar, establishment, food, point_of_interest, restaurant",,tapas Malasaña Madrid
ChIJbWtIoTEpQg0RJa7Q6wtwvLQ,Cervecería El Metro de Manuela Malasaña,4.7,207.0,40.4261783,-3.7033355,"bar, establishment, food, point_of_interest, restaurant",,tapas Malasaña Madrid
ChIJFQPCcWEoQg0RXzOQF9FaRW8,La Tape - Restaurante y Cervezas Artesanales,4.3,3199.0,40.42881999999999,-3.705883,"bar, establishment, food, point_of_interest, restaurant",2.0,tapas Malasaña Madrid
ChIJ_9Bbt4koQg0RLh3QJC2fObQ,Restaurante Taberna Madrid Madriz,4.3,4676.0,40.426247,-3.7013967,"bar, establishment, food, point_of_interest, restaurant",1.0,tapas Malasaña Madrid
ChIJh4jsEmIoQg0RI9vb358E1f0,El 2D - Bar en Malasaña,4.1,1206.0,40.426896,-3.703615,"bar, establishment, food, night_club, point_of_interest, restaurant",1.0,tapas Malasaña Madrid
ChIJW8N2L4goQg0RTptbBH6Ef2g,La Almudayna,4.4,446.0,40.4250183,-3.7024889,"bar, establishment, food, point_of_interest, restaurant",1.0,tapas Malasaña Madrid
ChIJDfOY22IoQg0RWj-Y9kdNLJM,La Taberna de La Copla,4.3,1356.0,40.4239697,-3.7050077,"bar, establishment, food, point_of_interest, restaurant",2.0,tapas Malasaña Madrid
ChIJo4A4mYkoQg0RmUFNxnVhOYI,Bar Petisqueira Restaurante,4.0,2850.0,40.4271682,-3.7006897,"bar, establishment, food, point_of_interest, restaurant",1.0,tapas Malasaña Madrid
ChIJb9bY-IUoQg0RSfU_yThjP4g,Taberna de Angel Sierra,4.3,2667.0,40.4230118,-3.6974145,"bar, establishment, food, point_of_interest, restaurant",1.0,tapas Chueca Madrid
ChIJIavhhYYoQg0R8qc-scMcEuM,El Tigre Sidra Bar,4.2,26291.0,40.4203579,-3.6978537,"bar, establishment, food, point_of_interest, restaurant",1.0,tapas Chueca Madrid
ChIJrdxP-4UoQg0RYj-7NlRKalc,Chuecking Tapas Bar,3.3,586.0,40.4226152,-3.6974867,"bar, establishment, food, point_of_interest, restaurant",,tapas Chueca Madrid
ChIJ_0uH0ocoQg0Ry5XUa1iUMRg,El 3 de Galdós,4.4,4369.0,40.422549,-3.700404899999999,"bar, establishment, food, point_of_interest, restaurant",2.0,tapas Chueca Madrid
ChIJxQrG_YUoQg0Rk-GrN3ikdZs,Bar La Chuequita,3.7,645.0,40.4228958,-3.697716099999999,"bar, establishment, food, point_of_interest, restaurant",,tapas Chueca Madrid
ChIJX-pFjpYoQg0RoDJaUfr24dc,Jurucha,4.4,2706.0,40.4278941,-3.6857051,"bar, establishment, food, point_of_interest, restaurant",2.0,tapas Salamanca Madrid
ChIJ1ctRPr03Yg0REyIIOIFy9Ns,Manero Madrid - Claudio Coello,4.6,3659.0,40.420692,-3.68732,"bar, establishment, food, point_of_interest, restaurant",3.0,tapas Salamanca Madrid
ChIJda8al5YoQg0RRjUXDd1r85c,CarmenBar,4.2,1830.0,40.4279827,-3.6862899,"bar, establishment, food, point_of_interest, restaurant",2.0,tapas Salamanca Madrid
ChIJGbKLqpsoQg0RDhwkWkSeNtE,Anel Tapas,4.0,2367.0,40.4207793,-3.69015,"bar, establishment, food, point_of_interest, restaurant",2.0,tapas Salamanca Madrid
ChIJ6aziNhApQg0RrcqLQkdYr4M,Pulpería Casa Lampazas,4.8,599.0,40.4356895,-3.6819994,"establishment, food, point_of_interest, restaurant",,tapas Salamanca Madrid
ChIJoYNFc7soQg0R_NGtu62mjQo,Cazorla,4.6,2202.0,40.4314781,-3.6780122,"bar, establishment, food, point_of_interest, restaurant",2.0,tapas Salamanca Madrid
ChIJ9XKxO7AoQg0RhtF5qmcy62w,Taberna La Gaditana,4.4,7918.0,40.4250259,-3.6707928,"bar, cafe, establishment, food, point_of_interest, restaurant",2.0,tapas Salamanca Madrid
ChIJc_bTG5EoQg0RKy2uYT3AJpM,Balmoral,4.5,550.0,40.4263506,-3.6893391,"bar, establishment, food, point_of_interest, restaurant",3.0,tapas Salamanca Madrid
ChIJu6JLYJcoQg0RaSU7Bs_Lb_o,Taberna Los Gallos,4.1,4187.0,40.4235135,-3.6862867,"establishment, food, point_of_interest, restaurant",3.0,tapas Salamanca Madrid
ChIJr8yCdSsmQg0Rktv82QhG4wg,La Pianola Bar,4.5,524.0,40.408963,-3.7003925,"bar, establishment, food, point_of_interest, restaurant",1.0,tapas Lavapiés Madrid
ChIJh2HjU9MnQg0RyGULfHwDLTk,Bar Tribuetxe,4.6,1330.0,40.4074241,-3.703198,"bar, establishment, food, point_of_interest, restaurant",1.0,tapas Lavapiés Madrid
ChIJxTHU_ComQg0RCW0gBBM7Io0,Taberna La Mina,4.4,974.0,40.410575,-3.70098,"bar, establishment, food, point_of_interest, restaurant",1.0,tapas Lavapiés Madrid
ChIJ-_IIaSomQg0RDm7dUCuyuVQ,Lamiak de la Rosa,4.5,1355.0,40.411767,-3.699567,"bar, establishment, food, point_of_interest, restaurant",1.0,tapas Lavapiés Madrid
ChIJ75rWOComQg0RCkNL1tZLrfc,Más Corazón,4.2,1499.0,40.4114622,-3.699012999999999,"bar, establishment, food, point_of_interest, restaurant",1.0,tapas Lavapiés Madrid
ChIJOzBwNlsnQg0Ri5bvUNecuK4,La burlona bar,4.2,1480.0,40.4102804,-3.697672,"bar, establishment, food, point_of_interest, restaurant",2.0,tapas Lavapiés Madrid
ChIJweELgCkmQg0RLhVYxL2kp0Y,La Muxa de Espronceda,4.4,1369.0,40.4106073,-3.6978791,"establishment, food, point_of_interest, restaurant",2.0,tapas Lavapiés Madrid
ChIJ-RV6jiwmQg0R9J8vYaBDePQ,Bodega Alfaro,4.6,377.0,40.40692749999999,-3.700876,"bar, establishment, point_of_interest",1.0,tapas Lavapiés Madrid
ChIJwbuq7CwmQg0RJ3sBaSsoehY,La Mancha en Madrid,4.2,1338.0,40.4065304,-3.7012572,"bar, establishment, food, point_of_interest, restaurant",1.0,tapas Lavapiés Madrid
ChIJ6TWj-ismQg0RZCKedOU63cc,Tapas y Fotos,4.2,389.0,40.4085472,-3.6984218,"bar, establishment, food, point_of_interest, restaurant",1.0,tapas Lavapiés Madrid
ChIJEZotJwAnQg0RZwzDZe5Pp2Y,Puro Tapeo,5.0,86.0,40.4124844,-3.709176,"bar, establishment, food, point_of_interest, restaurant",,tapas La Latina Madrid
ChIJOZplKdYnQg0R4yd_0IJ45dY,MajareTa,4.7,1060.0,40.4124443,-3.7101585,"bar, establishment, food, point_of_interest, restaurant",1.0,tapas La Latina Madrid
ChIJgfnH-XcoQg0RSXS_O1KvsxQ,Taberna Rayuela,4.4,1307.0,40.4130986,-3.7133191,"bar, establishment, food, point_of_interest, restaurant",2.0,tapas La Latina Madrid
ChIJNXrQbNcnQg0R1Hk2QIbvM6o,Casa Gerardo,4.7,1701.0,40.409237,-3.7118718,"bar, establishment, food, point_of_interest, restaurant",1.0,tapas La Latina Madrid
ChIJ6Snsi9cnQg0RRJI7Rdz01Qo,La Taberna Errante,4.6,700.0,40.4110788,-3.7128078,"bar, establishment, food, point_of_interest, restaurant",1.0,tapas La Latina Madrid
ChIJ7yr7kcInQg0R310N-cO6nW0,Taberna LA CAVA,4.7,553.0,40.4123797,-3.709310899999999,"bar, establishment, food, point_of_interest, restaurant",,tapas La Latina Madrid
ChIJ5f6LNXYpQg0RY3K2VkZ4c8c,Taberna del Tuerto,4.6,99.0,40.4132848,-3.7083363,"establishment, food, point_of_interest, restaurant",,tapas La Latina Madrid
ChIJwUqxbNYnQg0R6Bi3n8wsytA,Lalina Bravas y Tapas. Restaurante Gluten-free en La Latina,4.3,3592.0,40.4114544,-3.7089143,"bar, establishment, food, point_of_interest, restaurant",2.0,tapas La Latina Madrid
ChIJ_23CMdYnQg0Rqre_uQccnlU,Taberna Tempranillo,4.3,1374.0,40.41202500000001,-3.7101361,"bar, establishment, food, point_of_interest, restaurant",2.0,tapas La Latina Madrid
ChIJKdy6aOcpQg0Rto1y5MSE5-8,Capitan Beto - Gastro Taberna -,4.8,77.0,40.41361939999999,-3.7086842,"bar, establishment, food, point_of_interest, restaurant",,tapas La Latina Madrid
ChIJ0ZYBazcpQg0R4jsDWGozSOg,La Barra de Juan,4.6,99.0,40.45742329999999,-3.6780318,"bar, establishment, food, point_of_interest, restaurant",,tapas Chamartín Madrid
ChIJaxqtYUwpQg0RgDV9XnRLms0,BarEltole,4.7,126.0,40.4618999,-3.686684799999999,"bar, establishment, food, point_of_interest, restaurant",,tapas Chamartín Madrid
ChIJu1njWsEoQg0ReYtYGHlDXfg,Aránzazu,4.2,1498.0,40.4386111,-3.6783333,"bar, establishment, food, point_of_interest, restaurant",1.0,tapas Chamartín Madrid
ChIJ5waEAc4oQg0RBTQW-T5iVXk,Bar Chacin,4.5,1678.0,40.4444751,-3.6676913,"bar, establishment, food, point_of_interest, restaurant",1.0,tapas Chamartín Madrid
ChIJV9hTRM4oQg0RoGzzRWH7tUY,La Taberna del Cardenal,4.5,799.0,40.4427935,-3.6691322,"bar, establishment, food, point_of_interest, restaurant",1.0,tapas Chamartín Madrid
ChIJ0215mJUpQg0ReT9505BSfpA,La Regional Taberna,4.6,167.0,40.45582479999999,-3.6874056,"bar, establishment, food, point_of_interest, restaurant",,tapas Chamartín Madrid
ChIJz22WGAApQg0R_XqUSIidn1Y,Filito - Chamartín,4.5,158.0,40.4603709,-3.6890771,"establishment, food, point_of_interest, restaurant",,tapas Chamartín Madrid
ChIJ7UfOANEoQg0RoIZ4gzNq_Ow,Los Torreznos BAR,4.2,4337.0,40.4479911,-3.6687392,"bar, establishment, food, point_of_interest, restaurant",1.0,tapas Chamartín Madrid
ChIJDyJCSGIpQg0RPJi808jXL5Y,Llerena Ibérico Tapas Bar,4.2,434.0,40.4488158,-3.6903547,"bar, cafe, establishment, food, point_of_interest, restaurant, store",,tapas Chamartín Madrid
ChIJcZ0UXSEpQg0Ri4EP73ff9bE,El Enfriador,4.2,1244.0,40.4588853,-3.6785734,"bar, establishment, food, point_of_interest, restaurant",1.0,tapas Chamartín Madrid
ChIJe-2NUgApQg0RCJh8SMDpG_M,La Bodeguita,4.5,135.0,40.4410636,-3.6728204,"establishment, food, point_of_interest, restaurant",,tapas Chamartín Madrid
ChIJ94y11dooQg0RdLT7jfm1i7o,Laprospe terraza-gastrobar,4.3,4131.0,40.4443844,-3.6749538,"bar, cafe, establishment, food, point_of_interest, restaurant, store",,tapas Chamartín Madrid
ChIJT1bE1B4pQg0R568UPwbZwoE,Cinco Jotas Madrid,4.0,1122.0,40.459121,-3.6852319,"establishment, food, point_of_interest, restaurant",3.0,tapas Chamartín Madrid
ChIJVUREiS8pQg0RaiNTdI6vHnM,perretxiCo Fleming,4.6,54.0,40.4623677,-3.6867862,"bar, establishment, food, point_of_interest, restaurant",,tapas Chamartín Madrid
ChIJhVgTOrQpQg0RMpu-7X69QTo,La Tía Feli Chamartín,4.1,232.0,40.46135719999999,-3.688011299999999,"bar, establishment, point_of_interest",,tapas Chamartín Madrid
ChIJpRPksxkpQg0RPNjuphNasFk,EL CACIQUITO,4.1,1661.0,40.4626578,-3.6854239,"establishment, food, point_of_interest, restaurant",2.0,tapas Chamartín Madrid
ChIJYyC-Fy4pQg0RSSqBsm-oFPs,El Patio de Triana. Taberna andaluza en Retiro,4.7,281.0,40.4205511,-3.677819199999999,"bar, establishment, food, point_of_interest, restaurant",,tapas Retiro Madrid
ChIJqzHPH6QoQg0RogMCXvo-Jlw,Buendi,4.5,1649.0,40.4188778,-3.676394,"bar, establishment, food, point_of_interest, restaurant",2.0,tapas Retiro Madrid
ChIJNwJnzqYoQg0REywHuJLEdX4,El Encanto del Retiro Restaurante,4.0,581.0,40.4167473,-3.6770851,"bar, establishment, food, point_of_interest, restaurant",2.0,tapas Retiro Madrid
ChIJ93MUKG4pQg0RfaM9lSuw6qk,PerretxiCo Narváez,4.5,3148.0,40.42023349999999,-3.6763278,"bar, establishment, food, point_of_interest, restaurant",2.0,tapas Retiro Madrid
ChIJUZBdw8UpQg0RuLiDxXgiOG4,Italian Tapas Bar & Cocktails INVERSO Not The Classic Italian,4.8,607.0,40.4195524,-3.6769857,"bar, establishment, food, point_of_interest, restaurant",,tapas Retiro Madrid
ChIJk02q1qUoQg0RTRbnaPTog-E,Taberna Moderna,4.2,1140.0,40.4191358,-3.6747082,"bar, establishment, food, point_of_interest, restaurant",2.0,tapas Retiro Madrid
ChIJ_c5gs14pQg0RXStRl-iIWOI,La Retasca | Tapas Madrid,4.1,1892.0,40.4180107,-3.6739979,"bar, establishment, food, point_of_interest, restaurant",2.0,tapas Retiro Madrid
ChIJ9VT31uUpQg0R1I1FlVxEPb4,TAPAS DEL RETIRO,3.6,39.0,40.4164977,-3.6711892,"bar, cafe, establishment, food, point_of_interest, restaurant, store",,tapas Retiro Madrid
ChIJJ6-lFZsoQg0RB41S0osPelY,James Joyce Irish Pub Madrid,4.3,6110.0,40.419919,-3.691314,"bar, establishment, food, point_of_interest, restaurant",2.0,bars Madrid center
ChIJgRbt2xUpQg0RZegmAqth6Gg,Calle 365 l Discoteca Madrid,4.8,13068.0,40.41521609999999,-3.6996419,"bar, establishment, night_club, point_of_interest",2.0,bars Madrid center
ChIJVzSh3ikmQg0RddjNOVWo_AA,La Fontana de Oro,3.9,2334.0,40.41640100000001,-3.701585,"bar, establishment, food, night_club, point_of_interest, restaurant",2.0,bars Madrid center
ChIJs80Nex8pQg0Rt_vYDTxxS58,El Jardín de Diana,4.3,2661.0,40.420016,-3.7036337,"bar, establishment, point_of_interest",,bars Madrid center
ChIJqZ0-rI4oQg0RHKSD2cpNuYM,Collin's Irish Tavern,4.5,1961.0,40.4278665,-3.6976066,"bar, establishment, food, point_of_interest, restaurant",1.0,bars Madrid center
ChIJaX_j9ncoQg0RH3K4brE1gi0,Terraza Collins,4.2,1377.0,40.4133701,-3.7132573,"bar, establishment, food, point_of_interest, restaurant",1.0,bars Madrid center
ChIJseuc2DQpQg0RU9WxcDLQmPY,Bar Trafalgar,4.5,1708.0,40.4310663,-3.7010535,"bar, establishment, food, point_of_interest, restaurant",2.0,bars Madrid center
ChIJiap-QY4pQg0Rht0GKvcFzEg,Vincci Rooftop Bar Gran Vía,4.3,229.0,40.4224128,-3.7089378,"bar, establishment, food, point_of_interest, restaurant",,bars Madrid center
ChIJoYayDoEoQg0RMEqKDjbUhCs,La Venencia,4.4,3171.0,40.4158357,-3.6995633,"bar, establishment, food, point_of_interest, restaurant",1.0,bars Madrid center
ChIJ6VbynoIpQg0RDrA1QgbuAho,Viva Madrid,4.5,2416.0,40.4151864,-3.6998424,"bar, establishment, food, point_of_interest, restaurant",,bars Madrid center
ChIJjZV_cGspQg0RT4n0JZ_knrw,Bad Company 1920,4.8,1885.0,40.4210033,-3.7055426,"bar, establishment, point_of_interest",2.0,bars Madrid center
ChIJ4Y3eSbMpQg0Rm4ctXsa0Qj0,Medite Specialty Coffee&Tea,5.0,112.0,40.4147588,-3.7023695,"bar, cafe, establishment, food, point_of_interest",,bars Madrid center
ChIJ7ZwxqFUpQg0RJP2FqbivmVE,Broken Shaker Madrid,4.1,350.0,40.4208022,-3.7081027,"bar, establishment, food, point_of_interest, restaurant",,bars Madrid center
ChIJf4wM0nApQg0R6tPsKmXsM40,Lynch - •Kitchen •Cocktails •Vibes,4.7,1454.0,40.41533889999999,-3.7026336,"bar, establishment, food, point_of_interest, restaurant",2.0,bars Madrid center
ChIJP_rDZoAoQg0RWvVLVRtfEUw,Inclan Brutal Bar,4.7,20002.0,40.4150623,-3.7019135,"bar, establishment, food, point_of_interest, restaurant",1.0,bars Madrid center
ChIJiwYwmJkpQg0RpBnMZdYEbYI,Alchemist 1967,4.9,482.0,40.4191999,-3.707466799999999,"bar, establishment, food, point_of_interest, restaurant",,bars Madrid center
ChIJf2pkqmIoQg0RIR6gliNGPsw,Gorila Malasaña,4.4,1475.0,40.4232884,-3.7030006,"bar, cafe, establishment, food, point_of_interest, restaurant, store",1.0,bars Malasaña Madrid
ChIJ3ZBLOGEpQg0RUzoNl7ZbCQs,"▷ GATO - Bar en Malasaña, Madrid",4.3,576.0,40.4272009,-3.7045,"bar, establishment, food, point_of_interest, restaurant",1.0,bars Malasaña Madrid
ChIJzUjDq18pQg0Rl0ckN8TV_vY,Destino Malasaña,4.5,174.0,40.4287163,-3.7046891,"bar, establishment, point_of_interest",,bars Malasaña Madrid
ChIJexuC2fApQg0RZQ08O4XSaeY,SANTA ROSALIA MADRID,4.7,251.0,40.4287797,-3.7042862,"bar, establishment, point_of_interest",,bars Malasaña Madrid
ChIJp-zVWpspQg0RYSKUJ7mfR10,Malo Malasaña,4.9,118.0,40.4260872,-3.7041236,"bar, establishment, point_of_interest",,bars Malasaña Madrid
ChIJK0L434koQg0RdvoFMFrMJ2I,La Vía Láctea,4.2,4172.0,40.4269012,-3.7029216,"bar, establishment, point_of_interest",2.0,bars Malasaña Madrid
ChIJya9Pm2EoQg0RSZBpT3JhLPY,Espit Chupitos,4.5,1096.0,40.4287553,-3.7049181,"bar, establishment, point_of_interest",1.0,bars Malasaña Madrid
ChIJAZLciVYpQg0RuUfuKJ-2AJs,Sakro | Pizza & Cocktail Bar,4.7,1176.0,40.4252756,-3.7034897,"bar, establishment, food, point_of_interest, restaurant",2.0,bars Malasaña Madrid
ChIJpYTArTkpQg0RPSZl7W6na9k,Triada Malasaña Restaurante Gastrobar,4.4,199.0,40.42218,-3.70432,"bar, establishment, food, point_of_interest, restaurant",,bars Malasaña Madrid
ChIJ50lYXmIoQg0REt4IO_F8R74,The Toast Taproom Malasaña. Restaurante y Cervecería artesanal. Brunch,4.4,2334.0,40.4257731,-3.7043613,"bar, establishment, food, point_of_interest, restaurant",2.0,bars Malasaña Madrid
ChIJUZT_YmIoQg0RQnmLskAC6-k,La Manuela,4.4,2291.0,40.4257072,-3.7037383,"bar, establishment, point_of_interest",2.0,bars Malasaña Madrid
ChIJ7UGK-mEoQg0RevdJf-J_uF8,Casa Maravillas,3.8,925.0,40.42857480000001,-3.7034434,"bar, establishment, food, point_of_interest, restaurant",1.0,bars Malasaña Madrid
ChIJFdThxtkpQg0RjSOYoWjZUoQ,Tiki Volcano Bar,4.7,107.0,40.4288085,-3.7045575,"bar, establishment, point_of_interest",,bars Malasaña Madrid
ChIJMRIYJIYoQg0RLhoZcRb6muQ,La Kama Café (Tropical Fresh Cocktail Bar),4.4,3447.0,40.4227792,-3.699362099999999,"bar, establishment, point_of_interest",,bars Chueca Madrid
ChIJD31Z2X8pQg0RCnu5M_PM9U4,ONLY ONE CHUECA,4.2,443.0,40.4205414,-3.6987956,"bar, establishment, point_of_interest",1.0,bars Chueca Madrid
ChIJTSkdA4YoQg0RhYSG8swcCIw,Baranoa Bar,4.3,1090.0,40.4230426,-3.6983431,"bar, establishment, point_of_interest",2.0,bars Chueca Madrid
ChIJfWyIboYoQg0RjnCyRIHBpiU,You&Me,4.1,1160.0,40.4215886,-3.6985976,"bar, establishment, point_of_interest",2.0,bars Chueca Madrid
ChIJW98eqIgoQg0RI25pP9RYSA4,Diverzo Cocktail Bar,4.3,579.0,40.4232448,-3.6984074,"bar, establishment, point_of_interest",2.0,bars Chueca Madrid
ChIJT2MFQY8oQg0R_pOibNvAlKo,El Economato,4.1,1669.0,40.4243363,-3.6967765,"bar, establishment, food, point_of_interest, restaurant",2.0,bars Chueca Madrid
ChIJzc1R-4UoQg0R-WSjknVqAJE,La Bohemia,2.8,412.0,40.4225064,-3.6974384,"bar, establishment, point_of_interest",,bars Chueca Madrid
ChIJWVtMDIYoQg0RwnvlmaCuHAk,Twist & Shout Bar,4.6,931.0,40.422152,-3.698289999999999,"bar, establishment, food, point_of_interest, restaurant",1.0,bars Chueca Madrid
ChIJRcLkJO0pQg0RH4z-VgoMchA,SPECIA COFFEE BAR,4.7,918.0,40.4204118,-3.6984567,"bar, cafe, establishment, food, point_of_interest, restaurant, store",2.0,bars Chueca Madrid
ChIJ-44q04UoQg0RjfOK6dHW1S4,Café Libertad 8,4.5,1390.0,40.4206993,-3.6972524,"bar, cafe, establishment, food, point_of_interest",1.0,bars Chueca Madrid
ChIJCRtZ_oUoQg0RALG6VTp_fp0,Truco,3.9,533.0,40.4229534,-3.6976309,"bar, establishment, point_of_interest",1.0,bars Chueca Madrid
ChIJ6zDwtYgoQg0RfyrlCcpNMMo,Areia Club,4.4,5015.0,40.4245406,-3.6980344,"bar, establishment, food, night_club, point_of_interest, restaurant",2.0,bars Chueca Madrid
ChIJ4W_gvDkpQg0Rb0JW1MWNKWY,Taberna Los Madriles – Bar de tapas,4.8,517.0,40.43113659999999,-3.6730689,"bar, establishment, food, point_of_interest, restaurant",,bars Salamanca Madrid
ChIJrdj39LkoQg0R-gioDdMwAc8,The Shaker,4.6,1300.0,40.4292913,-3.6735743,"bar, establishment, night_club, point_of_interest",1.0,bars Salamanca Madrid
ChIJs6PGRJUoQg0R9aM-kWC_mS8,La Flaca,3.8,1892.0,40.4288828,-3.6874267,"bar, establishment, food, point_of_interest, restaurant",2.0,bars Salamanca Madrid
ChIJk5F0OXApQg0RI3feL7AjBk4,Bar Anxoita Madrid,4.7,615.0,40.4242143,-3.686615,"establishment, food, point_of_interest, restaurant",,bars Salamanca Madrid
ChIJX5LbtpYoQg0RcDq5AX9jOuw,StreetXO Madrid,4.4,9137.0,40.4301514,-3.687601,"bar, establishment, food, point_of_interest, restaurant",3.0,bars Salamanca Madrid
ChIJmzxvx5koQg0RRLZ2YkHb1g4,El Escondite de Villanueva l Restaurante Barrio Salamanca,4.2,2760.0,40.4223658,-3.6859795,"bar, establishment, food, liquor_store, point_of_interest, restaurant, store",2.0,bars Salamanca Madrid
ChIJDUGWzaIoQg0RMJC-4V7CdWI,Soho de Jorge Juan Bar Restaurante,4.2,881.0,40.4234702,-3.6808474,"bar, establishment, food, point_of_interest, restaurant",2.0,bars Salamanca Madrid
ChIJO7jXy5koQg0RT7Ff7oc9RxE,Taquería La Lupita,4.2,2706.0,40.4225647,-3.6854545,"bar, establishment, food, point_of_interest, restaurant",2.0,bars Salamanca Madrid
ChIJ7RVDfd0pQg0R3mtrvmyyK-w,Pink Bourbon - Espresso Bar | Specialty Coffee,5.0,426.0,40.4349359,-3.679686,"cafe, establishment, food, point_of_interest, store",,bars Salamanca Madrid
ChIJkeP9KyomQg0RZMuDr_NxxlM,Bar Benteveo,4.5,1661.0,40.4107861,-3.6979985,"bar, cafe, establishment, food, point_of_interest",1.0,bars Lavapiés Madrid
ChIJBXzDFM8nQg0R_uVdXIGgCmI,Lavapies Garden,4.6,54.0,40.4086303,-3.7051318,"bar, establishment, point_of_interest",,bars Lavapiés Madrid
ChIJh176EXonQg0R9xZej3FNH40,Scratch,4.6,131.0,40.4083999,-3.6998006,"bar, establishment, food, point_of_interest, restaurant",,bars Lavapiés Madrid
ChIJrXLMmSsmQg0RZv-NTOxtgxg,La Huelga de Lavapiés,4.3,777.0,40.4090691,-3.6996322,"bar, establishment, night_club, point_of_interest",1.0,bars Lavapiés Madrid
ChIJNd07QCsmQg0RQALHfMwKGMk,Amor Voodoo,4.2,549.0,40.4090103,-3.7017141,"bar, establishment, point_of_interest",1.0,bars Lavapiés Madrid
ChIJZ_XS81wnQg0RUfA41wc0P18,Savas bar cócteles,4.5,644.0,40.4076052,-3.6996625,"bar, establishment, point_of_interest",,bars Lavapiés Madrid
ChIJN2jxTbcnQg0RWdqV8tyDqlk,MADRE FLACA,4.7,427.0,40.4115231,-3.6996712,"bar, cafe, establishment, food, point_of_interest, restaurant, store",1.0,bars Lavapiés Madrid
ChIJpzhcOisnQg0RzDgyCvua7qU,Rito Madrid – Cocina de Autor,5.0,81.0,40.4075234,-3.7030926,"bar, establishment, food, point_of_interest, restaurant",,bars Lavapiés Madrid
ChIJAXMFVrsnQg0RJ1cNo2LtqRw,Pub&Go La Latina,4.7,42.0,40.412467,-3.7123744,"bar, establishment, point_of_interest",,bars La Latina Madrid
ChIJ3RyHM9YnQg0RDiSnCw1oQxo,El Viajero,3.8,9509.0,40.4116602,-3.710201,"bar, establishment, food, point_of_interest, restaurant",2.0,bars La Latina Madrid
ChIJiZHrQAAnQg0RdFOKz0JO7lA,Jade Coctelería Bar,4.9,114.0,40.4122447,-3.7102678,"bar, establishment, point_of_interest",,bars La Latina Madrid
ChIJjdCH3SonQg0RBDOqcsJywd8,El Patio La Latina,4.1,199.0,40.4123447,-3.7136441,"bar, establishment, point_of_interest",,bars La Latina Madrid
ChIJB3AUMtYnQg0RTTiVEGeqi8o,Hopper,4.7,2995.0,40.4119537,-3.7102615,"bar, establishment, food, point_of_interest, restaurant",2.0,bars La Latina Madrid
ChIJ3T60rEApQg0RU4ppfujcneE,La Osita,4.7,611.0,40.4132316,-3.7084918,"bar, establishment, food, liquor_store, point_of_interest, restaurant, store",2.0,bars La Latina Madrid
ChIJVUA7otcnQg0RUtTvGt_dHa4,El Moreno - Bar Coctelería,4.7,145.0,40.4104661,-3.7117054,"bar, establishment, point_of_interest",1.0,bars La Latina Madrid
ChIJ7wZKFAAnQg0R8iyaywY2ZQA,Rockade La Latina,4.4,841.0,40.41264109999999,-3.7095877,"bar, establishment, point_of_interest",2.0,bars La Latina Madrid
ChIJm8bAENcnQg0RCdCuKCPTYTY,La Gildería,4.2,754.0,40.40917899999999,-3.7115055,"bar, establishment, point_of_interest",,bars La Latina Madrid
ChIJAcTDU9YnQg0RQPklD7azVhk,Pajaritos mojados,4.5,1557.0,40.4105259,-3.7102749,"bar, establishment, food, point_of_interest, restaurant",1.0,bars La Latina Madrid
ChIJ_2b4Rd4nQg0RyFciZQuEUVo,Candelaria La Latina,4.4,812.0,40.41184,-3.7098,"establishment, food, point_of_interest, restaurant",,bars La Latina Madrid
ChIJy7vMKd8oQg0RMswRHKy_SEU,Paddy's Irish Pub,4.4,1567.0,40.4519506,-3.678038899999999,"bar, establishment, food, point_of_interest, restaurant",2.0,bars Chamartín Madrid
ChIJA5QUGRkpQg0RGZFMJK-y37w,La Villana,4.0,488.0,40.4608591,-3.6855621,"bar, establishment, point_of_interest",2.0,bars Chamartín Madrid
ChIJf585GhQpQg0Rakjg0ErH8U0,Dala's Cervecería Bar Restaurante,4.1,1704.0,40.4699999,-3.6868011,"bar, establishment, food, point_of_interest, restaurant",2.0,bars Chamartín Madrid
ChIJ81JV1xspQg0Rr_bk40SGggQ,Covent Garden Craic Pub,4.3,1328.0,40.46094799999999,-3.6880252,"bar, establishment, point_of_interest",2.0,bars Chamartín Madrid
ChIJk-unNOwpQg0R_qFs7zvKZ2A,19 días,5.0,4.0,40.4558099,-3.6782464,"bar, establishment, point_of_interest",,bars Chamartín Madrid
ChIJL2F3ryYpQg0RewvBQJK24X8,Bar ROXY '63,3.9,940.0,40.4591627,-3.6770256,"bar, establishment, point_of_interest",2.0,bars Chamartín Madrid
ChIJ26qWfrcpQg0Rju90vgf7VRA,Bastian Bar,4.3,68.0,40.4632014,-3.6813705,"bar, establishment, food, point_of_interest, restaurant",,bars Chamartín Madrid
ChIJa5k7mBkpQg0RrO1WzxwbBss,Lagarejo Bar,4.4,508.0,40.46229719999999,-3.686532799999999,"bar, establishment, food, point_of_interest, restaurant",1.0,bars Chamartín Madrid
ChIJk0Hl6U8pQg0R2BfeGQaFv_g,The Korner Pub,4.8,13.0,40.4586308,-3.6872831,"bar, establishment, point_of_interest",,bars Chamartín Madrid
ChIJ8QKMtqUpQg0R6qalu1tBKWM,The Red Lion,3.5,577.0,40.4605727,-3.687726999999999,"bar, establishment, food, point_of_interest, restaurant",1.0,bars Chamartín Madrid
ChIJ9Z74J84oQg0RKgs1ZZhbQLA,Bar Nanis,4.3,1196.0,40.4445381,-3.6693099,"bar, establishment, food, point_of_interest, restaurant",1.0,bars Chamartín Madrid
ChIJt7QU96YoQg0R6J58tNlScTk,EL TALGO BAR,4.7,1204.0,40.4170351,-3.6753341,"establishment, food, point_of_interest, restaurant",,bars Retiro Madrid
ChIJC1DGDNApQg0Rjc_64X6Y-5s,Puzles Madrid,4.3,1461.0,40.4190516,-3.6788493,"bar, establishment, food, point_of_interest, restaurant",,bars Retiro Madrid
ChIJI_zZcZgpQg0RyHSDsUZGIQ4,Blackmail Bar Madrid,4.4,236.0,40.4168169,-3.6706029,"bar, establishment, food, night_club, point_of_interest, restaurant",,bars Retiro Madrid
ChIJs6OSuaQnQg0Rjm6VY4CXIxc,Taranttela Gin & Cocktail Room,4.8,556.0,40.4064248,-3.6762013,"bar, establishment, point_of_interest",2.0,bars Retiro Madrid
ChIJL3irFfUnQg0RAscPz2VmHME,Vivaz Retiro,4.6,646.0,40.40918,-3.678639999999999,"bar, establishment, point_of_interest",,bars Retiro Madrid
ChIJt4u9eaEoQg0R_rBqDY3QXKQ,La Galería de Florida Park,3.9,2168.0,40.4181911,-3.679795899999999,"bar, establishment, food, point_of_interest, restaurant",,bars Retiro Madrid
ChIJr2tcx6MoQg0RrpPYGu4RPMU,Casa Martín,4.2,603.0,40.4199464,-3.679123,"bar, establishment, point_of_interest",,bars Retiro Madrid
ChIJkcqmiycmQg0RwQKzf_Sz6SE,Murillo Café - Restaurante,4.5,4217.0,40.4130594,-3.6913271,"bar, establishment, food, point_of_interest, restaurant",2.0,bars Retiro Madrid
ChIJUzeB230pQg0Rl8WThVTF9aM,RAMIRO TABERNA,4.5,252.0,40.4192383,-3.6737898,"bar, establishment, point_of_interest",1.0,bars Retiro Madrid
ChIJ7cVrXKYoQg0REq7wU98b3fA,El Estribo,4.6,480.0,40.4173207,-3.6745615,"bar, establishment, food, point_of_interest, restaurant",1.0,bars Retiro Madrid
ChIJjX_V4JspQg0Rib95rzV5sY0,Champagne Bar,4.9,13.0,40.4157123,-3.692579399999999,"bar, establishment, point_of_interest",,bars Retiro Madrid
ChIJ5bJ2s4QoQg0RXpYtjKH6Rj8,Azotea Cibeles,4.2,9574.0,40.4189339,-3.6921521,"bar, establishment, food, point_of_interest, restaurant",3.0,bars Retiro Madrid
ChIJH83GmJ8oQg0RBcOqCYzP17U,Bar Mirador,2.2,1507.0,40.4156635,-3.6837837,"bar, cafe, establishment, food, point_of_interest, restaurant",,bars Retiro Madrid
ChIJv9OX-RkmQg0RPfsrHa2xQx8,FOGG BAR,4.6,2473.0,40.40806190000001,-3.6764862,"bar, establishment, food, point_of_interest, restaurant",2.0,bars Retiro Madrid
ChIJc3jLb7opQg0RevFGdx4QQ0M,Planta Baja Cocktail Bar,4.8,233.0,40.4202787,-3.691076799999999,"bar, establishment, point_of_interest",,cocktail bars Madrid center
ChIJxaAzu4EoQg0RtvLumbkqOe4,Salmon Guru - A CONTRACORRIENTE,4.6,4817.0,40.4148932,-3.6995196,"bar, establishment, food, point_of_interest, restaurant",2.0,cocktail bars Madrid center
ChIJi402aYEoQg0RyEVgw-JM8vw,Glass Bar,4.6,513.0,40.41636,-3.69863,"bar, establishment, point_of_interest",,cocktail bars Madrid center
ChIJPzDGFs0pQg0RjJOYEVDiKTU,Fat Cats Cocktail House,4.7,654.0,40.4142789,-3.6990583,"bar, establishment, food, night_club, point_of_interest, restaurant",,cocktail bars Madrid center
ChIJmTO7VGEpQg0Rg3NMSb-QgkM,Jack´s Library,4.7,615.0,40.423534,-3.69502,"bar, establishment, point_of_interest",,cocktail bars Madrid center
ChIJC_xCjIopQg0RRZ4ts897JLs,La Santoría Cocktail Bar,4.8,1270.0,40.4135922,-3.696250799999999,"bar, establishment, point_of_interest",,cocktail bars Madrid center
ChIJ01cC__8pQg0RiOk2ohPjiBI,Salty Dog Madrid,5.0,103.0,40.42777,-3.7043073,"bar, establishment, point_of_interest",,cocktail bars Madrid center
ChIJ2xU1wYgpQg0RfEOBRhOkiQ4,Bunker Cocktail Bar,4.8,458.0,40.4279789,-3.6981417,"bar, establishment, point_of_interest",,cocktail bars Madrid center
ChIJP1WAUtYpQg0R8AdiFQ4mPQU,ZAFYRO - Coctelería Madrid,4.8,2345.0,40.42082000000001,-3.6973496,"bar, establishment, point_of_interest",2.0,cocktail bars Madrid center
ChIJWfOkOv4pQg0RPN45gXWlB78,Momus Bar,4.9,398.0,40.4217915,-3.698563799999999,"bar, establishment, point_of_interest",,cocktail bars Madrid center
ChIJ84o58oYoQg0Rilg8RvZQaN8,Del Diego Cocktail Bar,4.5,1776.0,40.42001399999999,-3.699275,"bar, establishment, point_of_interest",2.0,cocktail bars Madrid center
ChIJzcBIPmMoQg0RS14oUaREHZo,1862 Dry Bar,4.6,2482.0,40.4241331,-3.7064797,"bar, establishment, point_of_interest",2.0,cocktail bars Madrid center
ChIJIevUIjIpQg0RJWsryHSH0No,Lovo Cocktail Bar Madrid,4.7,2297.0,40.4150097,-3.6996145,"bar, establishment, point_of_interest",2.0,cocktail bars Madrid center
ChIJ_z5UpMwpQg0R6psk-OZl0ew,Satán Cocktail Bar,4.8,467.0,40.4220344,-3.7063579,"bar, establishment, point_of_interest",,cocktail bars Madrid center
ChIJmTgISHwpQg0R9nXyeNYvFGc,Devil’s Cut,4.8,485.0,40.4145846,-3.6984776,"bar, establishment, food, point_of_interest, restaurant",,cocktail bars Madrid center
ChIJHdD4K5AnQg0RRbnN64j4Aj8,Funambulista Bar,4.8,645.0,40.4129771,-3.6958034,"bar, establishment, food, point_of_interest, restaurant",2.0,cocktail bars Madrid center
ChIJ9ceJZX0oQg0RlOFWLm-WvF8,Santamaría Coctelería,4.8,1144.0,40.4213371,-3.7034948,"bar, establishment, point_of_interest",,cocktail bars Malasaña Madrid
ChIJL4g5wmMoQg0RxlcsAToEYCw,La Pasa Gin Bar - Restaurante y coctelería especializada en ginebras,4.7,1418.0,40.4271762,-3.7065748,"bar, establishment, food, point_of_interest, restaurant",1.0,cocktail bars Malasaña Madrid
ChIJWZH4A4QpQg0R4se2gqrni-c,SAMBHAD the cocktail bar,4.8,1353.0,40.4249237,-3.7117809,"bar, establishment, point_of_interest",2.0,cocktail bars Malasaña Madrid
ChIJnQ0iCqopQg0Rkh2qbJLVFkE,Love Cocktail Company,4.6,516.0,40.4210755,-3.7054342,"bar, establishment, point_of_interest",,cocktail bars Malasaña Madrid
ChIJu2d-BsMpQg0Rax56P4sLm5g,Médium Club,4.6,1528.0,40.4238239,-3.7053584,"bar, establishment, point_of_interest",2.0,cocktail bars Malasaña Madrid
ChIJUwdyvCEpQg0RIL49era8YG4,Marrufo Coctelería,4.7,385.0,40.4258389,-3.7087425,"bar, establishment, point_of_interest",2.0,cocktail bars Malasaña Madrid
ChIJ-_ar4EwpQg0R3fbWHDiWLgA,Lolita Bar Coctelería Chueca,4.9,67.0,40.4219704,-3.6982723,"bar, establishment, point_of_interest",,cocktail bars Chueca Madrid
ChIJ9ar2g48oQg0R-qe77gFUYuk,Ficus Bar,4.7,1712.0,40.4236519,-3.694985,"bar, establishment, point_of_interest",2.0,cocktail bars Chueca Madrid
ChIJY21JWYgoQg0RhcYLo1NYfRA,Harvey's Cocktail Bar,4.5,1721.0,40.4252834,-3.6991807,"bar, establishment, food, point_of_interest, restaurant",2.0,cocktail bars Chueca Madrid
ChIJN_TnPpYpQg0RTgsy-4zi92A,Padrino Cocktail Bar,3.9,72.0,40.4221752,-3.6956888,"bar, establishment, point_of_interest",,cocktail bars Chueca Madrid
ChIJtUTbYeMpQg0Rr9O1RWqtzAw,BARES CHUECA,4.0,1.0,40.4229322,-3.6976553,"bar, establishment, point_of_interest",,cocktail bars Chueca Madrid
ChIJwXFMNNMpQg0Rspvk-fVftK4,Keli | Restaurante Barrio Salamanca,4.5,279.0,40.4278077,-3.6891472,"bar, establishment, food, point_of_interest, restaurant",,cocktail bars Salamanca Madrid
ChIJz6UETmYpQg0RfSRt17KcpCI,MOLOTOV,4.3,44.0,40.4237752,-3.679973,"bar, establishment, point_of_interest",,cocktail bars Salamanca Madrid
ChIJmcJWfvMpQg0R7RCilCAEbwE,Chipé Club - Bar clandestino Madrid,4.8,192.0,40.4244798,-3.691428,"bar, establishment, point_of_interest",,cocktail bars Salamanca Madrid
ChIJdwwU9wUpQg0RxtuXio_ccH4,MAGERIT Cocktail Bar,4.1,130.0,40.4220848,-3.6855688,"bar, establishment, point_of_interest",,cocktail bars Salamanca Madrid
ChIJA3-sl8gpQg0Rpcb59i7PsqI,Harrison 1933,4.7,1707.0,40.421575,-3.689733599999999,"bar, establishment, point_of_interest",,cocktail bars Salamanca Madrid
ChIJCQBkO3YpQg0RRzXnGwY4jDM,Sala de Juegos | Cocteleria Madrid,5.0,2.0,40.4278077,-3.6891472,"bar, establishment, food, night_club, point_of_interest, restaurant",,cocktail bars Salamanca Madrid
ChIJKSMwatwpQg0R-QanC9SCxnY,Ätrevido Cocktail Bar,4.9,488.0,40.4387756,-3.6990993,"bar, establishment, point_of_interest",,cocktail bars Salamanca Madrid
ChIJq6r-EZYoQg0R4m8geZXudXg,Picos Pardos Sky Lounge,3.6,342.0,40.4282085,-3.6835991,"bar, establishment, night_club, point_of_interest",,cocktail bars Salamanca Madrid
ChIJcwre-NQnQg0RnZnUuuU2tVc,Gin Martini Cocktail Bar,5.0,318.0,40.410425,-3.701766,"bar, establishment, point_of_interest",,cocktail bars Lavapiés Madrid
ChIJF-sUldMnQg0RmF7yfl8M45U,Rasa Cocktail Bar,5.0,40.0,40.4121209,-3.7106685,"bar, establishment, food, point_of_interest, restaurant",,cocktail bars La Latina Madrid
ChIJx6ljxxEnQg0RnIJPjVPaikk,Jíbaro Café Bar,4.8,104.0,40.4098734,-3.7070032,"bar, cafe, establishment, food, point_of_interest, restaurant, store",,cocktail bars La Latina Madrid
ChIJUdRMMtYnQg0RS5ZoMIUu10k,47 cocktail bar,4.0,974.0,40.4118685,-3.7102089,"bar, establishment, point_of_interest",2.0,cocktail bars La Latina Madrid
ChIJt_9BwlUnQg0RNF3HazWiCCA,San Genaro Cocktail Club,5.0,31.0,40.4099424,-3.7092934,"bar, establishment, point_of_interest",,cocktail bars La Latina Madrid
ChIJ_-D5DoQnQg0R2nbDy3Mzszw,AGUAMALA La latina,4.7,34.0,40.4095089,-3.7115069,"bar, establishment, point_of_interest",,cocktail bars La Latina Madrid
ChIJ7zAwkc0nQg0Ry0oFlJCmL4w,La Divina Bohemia,4.8,541.0,40.4117079,-3.7118004,"establishment, food, point_of_interest, restaurant",,cocktail bars La Latina Madrid
ChIJd7gNwykpQg0RNtgHTjgWHfw,HDDN | Premium Mixology & Cuisine,4.7,299.0,40.4136987,-3.7090672,"bar, establishment, food, point_of_interest, restaurant",4.0,cocktail bars La Latina Madrid
ChIJx6oEHQApQg0R8VEHqe81TX4,Cocktail Bar Puerto,4.8,5.0,40.4538775,-3.674469,"bar, establishment, point_of_interest",,cocktail bars Chamartín Madrid
ChIJUaI2J88oQg0RjeRFZkjS188,Terraza Chill & Cocktail Bar Puerta América,3.9,98.0,40.44073179999999,-3.6701017,"bar, establishment, night_club, point_of_interest",,cocktail bars Chamartín Madrid
ChIJ1QemyCQpQg0RAmFGlKekEAs,Shift Public House // Best Cocktails Madrid.,4.9,887.0,40.4300748,-3.7018497,"bar, establishment, night_club, point_of_interest",,cocktail bars Chamartín Madrid
ChIJH2kW7AopQg0RiW3SCfuvCSw,Cheequitín Cocktail Bar,4.7,153.0,40.4304292,-3.7013464,"bar, establishment, point_of_interest",,cocktail bars Chamartín Madrid
ChIJAfVDZB4pQg0R9lDcD8Kwmqc,Gil's Cocktail Bar,4.4,373.0,40.44085279999999,-3.696169799999999,"bar, establishment, point_of_interest",2.0,cocktail bars Chamartín Madrid
ChIJiVEkU_opQg0R8fxRn3VBaFI,El Willy HIFI Bar,4.3,113.0,40.4259877,-3.6954977,"bar, establishment, point_of_interest",,cocktail bars Chamartín Madrid
ChIJJaXgE9IoQg0RmootGyBgCvA,Trastevere Bar,4.4,404.0,40.4455837,-3.6666304,"bar, establishment, point_of_interest",1.0,cocktail bars Chamartín Madrid
ChIJ7aZV8CUpQg0REqp32wzVG3o,Bikini Bar & Cocktail – Rafa Zafra,3.6,65.0,40.4581384,-3.685771599999999,"establishment, food, point_of_interest, restaurant",,cocktail bars Chamartín Madrid
ChIJDTmDmu4pQg0RmDLePV2NDW8,Pictura,4.8,75.0,40.4156635,-3.6926373,"bar, establishment, point_of_interest",,cocktail bars Retiro Madrid
ChIJac-YF6QoQg0RAKK5j774Vi8,Farándula Madrid,4.3,720.0,40.41955799999999,-3.6766933,"bar, establishment, point_of_interest",2.0,cocktail bars Retiro Madrid
ChIJnzXq84coQg0RfizimdF9g-E,Café de la Luz,4.3,4209.0,40.4221315,-3.7025339,"cafe, establishment, food, point_of_interest, store",2.0,cafes Madrid center
ChIJdzBU538pQg0RdZcglV3B7Xc,Sole Mio | Specialty Coffee,4.9,484.0,40.4266979,-3.6983661,"cafe, establishment, food, point_of_interest, store",,cafes Madrid center
ChIJx_mWxU4pQg0RUqj3BDWp0J0,Osom Coffee Atelier,4.5,2106.0,40.4262329,-3.6965183,"cafe, establishment, food, point_of_interest, store",,cafes Madrid center
ChIJkUyQMx8pQg0RpEW71grm4_o,Pan y Pepinillos Café,4.9,2507.0,40.4237639,-3.7027066,"bakery, cafe, establishment, food, point_of_interest, restaurant, store",,cafes Madrid center
ChIJ-VuQ4HknQg0Rz8rke1L7ygM,Dale Café - Brunch - Menú del dia,4.8,1521.0,40.4126091,-3.7035146,"cafe, establishment, food, point_of_interest, restaurant, store",,cafes Madrid center
ChIJOyTFlywnQg0RiUKSat9s_MI,ALCHEMY Specialty Coffee,4.8,1681.0,40.4114892,-3.7077489,"cafe, establishment, food, point_of_interest, store",,cafes Madrid center
ChIJxefkvs4pQg0RvlHu2CfLlTQ,Casa Neutrale® Coffee,4.4,1035.0,40.4248458,-3.6963003,"cafe, establishment, food, point_of_interest, store",,cafes Madrid center
ChIJISTRIt8pQg0RB6KnOzFMo1g,Bucólico Café,4.8,5960.0,40.4207502,-3.6982084,"cafe, establishment, food, point_of_interest, restaurant, store",,cafes Madrid center
ChIJmWuvmzUpQg0RpK87-hUrB48,ŌKOFI CAFE,4.9,496.0,40.4231346,-3.7042639,"cafe, establishment, food, point_of_interest, store",,cafes Madrid center
ChIJ132SMIUpQg0RpyH6xVYdJhQ,Gatopardo Café,4.4,384.0,40.4252724,-3.6953887,"book_store, cafe, establishment, food, point_of_interest, store",,cafes Madrid center
ChIJiZAZpRMpQg0RqqYtDrot5Pw,Círculo Coffee Studio,4.6,732.0,40.4203812,-3.6985889,"cafe, establishment, food, point_of_interest, store",,cafes Madrid center
ChIJsZg7GoooQg0RHiiN2NWPCsQ,Café Comercial,4.1,8873.0,40.4287137,-3.7019997,"bar, establishment, food, liquor_store, point_of_interest, restaurant, store",2.0,cafes Madrid center
ChIJ8xlsz9opQg0Rg0YV3O7tGag,Geisha Coffee,4.7,1686.0,40.4192389,-3.7065848,"cafe, establishment, food, point_of_interest, store",,cafes Madrid center
ChIJSdACN4wpQg0RJC85jPa0qxM,Wolføx Madrid Speciality Coffee Roasters,4.6,620.0,40.422482,-3.7006492,"cafe, establishment, food, point_of_interest, store",,cafes Madrid center
ChIJe_hqHnkoQg0RtQo-fIG4nGw,Café del Art,4.2,2941.0,40.4101495,-3.7070647,"cafe, establishment, food, point_of_interest",2.0,cafes Madrid center
ChIJ8xyXI_EpQg0RCadUkoiQ8jo,Zurch Madrid café & kitchen | Breakfast - Brunch - Lunch,4.8,936.0,40.4215705,-3.7033263,"cafe, establishment, food, point_of_interest, restaurant, store",,cafes Madrid center
ChIJ14kzk6kpQg0RhthEnY8qQ4Q,NAJI SPECIALTY COFFEE,4.8,2884.0,40.4316574,-3.702170299999999,"cafe, establishment, food, point_of_interest, store",,cafes Madrid center
ChIJXSq0l2QoQg0RLds7Na8B3bY,Misión Café,4.4,2885.0,40.4242084,-3.7087872,"cafe, establishment, food, point_of_interest, restaurant, store",2.0,cafes Madrid center
ChIJSVVjaJopQg0RhH85t-FoD-g,MPWR fit café,4.9,100.0,40.43373039999999,-3.6984147,"cafe, establishment, food, health, point_of_interest, store",,cafes Madrid center
ChIJyV8MCNwpQg0Ro-Aj4RC3Uzk,ALFAR - Medialunas & Café de Especialidad | Chueca,4.9,274.0,40.4221663,-3.6973738,"cafe, establishment, food, point_of_interest, store",,cafes Chueca Madrid
ChIJi3AD54IoQg0RoG7z2VRC7ao,Neptune Fountain,4.6,15880.0,40.4152652,-3.6941526,"establishment, point_of_interest, tourist_attraction",,tourist attractions Madrid center
ChIJmxLB-T8pQg0RQquPtMnU36g,Mural by Helen Bur,4.7,7.0,40.4235684,-3.7007279,"establishment, point_of_interest, tourist_attraction",,tourist attractions Chueca Madrid
ChIJacx_prYoQg0RBVZjRc4Dt0w,María Eva Duarte de Perón Park,4.1,6002.0,40.4298597,-3.668975,"establishment, park, point_of_interest, tourist_attraction",,tourist attractions Salamanca Madrid
ChIJebPUBQAnQg0RYplJFnn2MEE,Paseo Reina Cristina,3.1,8.0,40.4070067,-3.6820108,"establishment, point_of_interest, tourist_attraction",,tourist attractions Retiro Madrid
ChIJW89YisovQg0RwRu1bb1MjOM,Jardín del Capricho,4.7,22080.0,40.4558582,-3.599150899999999,"establishment, park, point_of_interest, tourist_attraction",,things to do Madrid center
ChIJc5Drn4YoQg0RdmIn7owmzcA,Nomad Art,3.6,74.0,40.4230946,-3.710076899999999,"establishment, museum, point_of_interest",,things to do Malasaña Madrid
ChIJ8fWng2YoQg0R9llhE0l5Sn8,Contemporánea Condeduque,4.5,1334.0,40.4274072,-3.7107195,"art_gallery, establishment, library, museum, point_of_interest, tourist_attraction",,things to do Malasaña Madrid
ChIJ77a3FAApQg0RoMgkTUouBCs,MALASAÑA,4.7,45.0,40.4196223,-3.7041354,"bar, establishment, point_of_interest",,things to do Malasaña Madrid
ChIJvXVh14koQg0RpBAGSHkOyBg,Scavenger Escape Rooms Madrid,4.4,467.0,40.4262419,-3.702678,"establishment, point_of_interest",,things to do Malasaña Madrid
ChIJEwQGF2MoQg0RxxqOzCxEtWQ,Picnic,4.3,1142.0,40.4243221,-3.7062325,"bar, establishment, point_of_interest",1.0,things to do Malasaña Madrid
ChIJBySiKEEoQg0RANoSIJL5GuY,Moncloa's Lighthouse,4.4,4214.0,40.4374263,-3.7216787,"establishment, point_of_interest",,things to do Malasaña Madrid
ChIJszbFpHwoQg0RTQbDGMXggEY,Sala Morocco,3.8,2371.0,40.4220936,-3.7073688,"bar, establishment, night_club, point_of_interest",2.0,things to do Malasaña Madrid
ChIJ-YFMsWQoQg0RL1BCbhaS7r8,Mostenses Market,4.3,8031.0,40.42334899999999,-3.7091842,"establishment, point_of_interest",,things to do Malasaña Madrid
ChIJG1jDUo8oQg0RMN-QI4x0LKA,Mad is Mad,4.7,52.0,40.4236947,-3.697788899999999,"art_gallery, establishment, point_of_interest",,things to do Chueca Madrid
ChIJI06GZoYoQg0RSLAv5zH9YBs,Barbanarama,4.5,188.0,40.4217161,-3.6984477,"bar, establishment, point_of_interest",1.0,things to do Chueca Madrid
ChIJMXK9qogoQg0Ry_-bQ1D09IU,Bellas Artes Jeco,4.7,2237.0,40.42324620000001,-3.6978462,"establishment, point_of_interest, store",,things to do Chueca Madrid
ChIJtw7CT4YoQg0RAhNtoQgspvc,Motion Hostel Chueca,2.5,2153.0,40.4213116,-3.6998096,"establishment, lodging, point_of_interest",,things to do Chueca Madrid
ChIJP7ursIgoQg0RVoOe2q03o_M,Bosco de Lobos Madrid,4.4,6068.0,40.4240733,-3.698850499999999,"establishment, food, point_of_interest, restaurant",2.0,things to do Chueca Madrid
ChIJHeRevn4oQg0R1cMSLDTWlWg,Chocolatería San Ginés,4.3,71021.0,40.4167385,-3.7069356,"cafe, establishment, food, point_of_interest, restaurant, store",,things to do Salamanca Madrid
ChIJRXzdx10mPw0Rqqm_C9Dkei8,Salamanca,,,40.9701039,-5.663539699999999,"locality, political",,things to do Salamanca Madrid
ChIJc7YQg4h1bqoRfT61KSPT1Gg,Salamanca Market,4.5,13293.0,-42.88692229999999,147.3321107,"establishment, point_of_interest, tourist_attraction",,things to do Salamanca Madrid
ChIJIcMABiwmQg0REgg9RPcOwXE,La plaza,3.3,10.0,40.407629,-3.698445,"establishment, park, point_of_interest",,things to do Lavapiés Madrid
ChIJIX-wr9UnQg0RNTplCYG8whI,The Central House Lavapiés,4.6,1444.0,40.410761,-3.7059616,"establishment, lodging, point_of_interest",,things to do Lavapiés Madrid
ChIJHYpvu8cnQg0RVrOZ2zgDVYI,The Loft House Madrid,4.6,569.0,40.4101967,-3.700544,"establishment, lodging, point_of_interest",,things to do Lavapiés Madrid
ChIJ5XpOxHcnQg0RyIrgeH7XX8c,La Cueva De Lola,4.7,1510.0,40.4121352,-3.7118883,"establishment, point_of_interest",,things to do La Latina Madrid
ChIJmzUrbdYnQg0RgV5Y9YhQ5To,Teatro La Latina,4.3,11111.0,40.4114334,-3.7087451,"establishment, point_of_interest",,things to do La Latina Madrid
ChIJe6ZWa3goQg0RB20E9vWreyE,Church of San Andrés Apóstol,4.6,758.0,40.412017,-3.7114158,"church, establishment, place_of_worship, point_of_interest, tourist_attraction",,things to do La Latina Madrid
ChIJwU_ODDIpQg0R1fuJfI2H_xI,Academia de Magia by Experiencity Escape Room,4.9,2175.0,40.4440845,-3.6718507,"establishment, point_of_interest",,things to do Chamartín Madrid
ChIJa6HT2JgoQg0RImP1dN2xczQ,Retiro Park Bandstand,4.6,258.0,40.4194896,-3.6850112,"establishment, point_of_interest",,things to do Retiro Madrid
ChIJr_NG4GspQg0RZnytn_4ATEU,Antigua Casa de las Fieras,4.3,37.0,40.4162833,-3.678934,"establishment, point_of_interest",,things to do Retiro Madrid
ChIJYU3uJXIpQg0RvX9u3A7Bfnw,X-Madrid,4.4,18929.0,40.3400853,-3.8477023,"clothing_store, establishment, food, movie_theater, point_of_interest, restaurant, shopping_mall, store",,restaurants Madrid center
ChIJGW9IPX8oQg0RU0BzJ9wFrvw,Metro Bistro,4.6,1751.0,40.414639,-3.706778,"bar, establishment, food, point_of_interest, restaurant",2.0,restaurants Madrid center
ChIJwcL6moUpQg0RwuZBd__3564,Restaurante Casa Suecia,4.5,14029.0,40.4179018,-3.6962677,"establishment, food, point_of_interest, restaurant",,restaurants Madrid center
ChIJ5z86moAoQg0RdH6CKN3U5-k,Serafina,4.2,3199.0,40.4163477,-3.7023798,"establishment, food, point_of_interest, restaurant",2.0,restaurants Madrid center
ChIJw4AzoxEpQg0RpH4c2aQolns,Taberna el Sur de Huertas,4.4,2683.0,40.4136525,-3.6994572,"bar, establishment, food, point_of_interest, restaurant",2.0,restaurants Madrid center
ChIJhWfa4IUoQg0R6r8E0pY8AUE,11 Nudos Madrid,4.1,4294.0,40.4220473,-3.6975538,"bar, establishment, food, point_of_interest, restaurant",3.0,restaurants Chueca Madrid
ChIJE9SPCSopQg0RdgHOeicHxpQ,ABYA Madrid,4.4,1385.0,40.4300151,-3.6813842,"establishment, food, point_of_interest, restaurant",,restaurants Salamanca Madrid
ChIJb9k_-SsmQg0RTiZVeZC2UYo,Achuri,4.5,1871.0,40.4081435,-3.6982473,"establishment, food, point_of_interest, restaurant",1.0,restaurants Lavapiés Madrid
ChIJaeSrPiomQg0ROE-S2rHUsTg,Fiaschetteria La Saletta,4.7,785.0,40.4114462,-3.6987942,"establishment, food, point_of_interest, restaurant",1.0,restaurants Lavapiés Madrid
ChIJgZVJWSsmQg0RPpAU2PM5IfU,Pum Pum Café,4.3,4558.0,40.4080634,-3.7019703,"cafe, establishment, food, point_of_interest, restaurant, store",2.0,restaurants Lavapiés Madrid
ChIJh8IgjiwmQg0RYozW1exkTpk,Juan Raro,4.2,2167.0,40.4069946,-3.700993,"bar, cafe, establishment, food, point_of_interest, restaurant",2.0,restaurants Lavapiés Madrid
ChIJ617PCxUnQg0RwO_gZRw8iLw,La Mulata Latina Plaza,4.7,378.0,40.4124515,-3.7119607,"establishment, food, point_of_interest, restaurant",,restaurants La Latina Madrid
ChIJofRxQhUpQg0RfYtk2DbUZgk,Shiki Sushi,4.8,407.0,40.47096630000001,-3.6851589,"establishment, food, point_of_interest, restaurant",,restaurants Chamartín Madrid
ChIJn4yY5MopQg0RlWxWjXk_RtA,La Morena Restaurante,4.7,529.0,40.4630712,-3.6889946,"bar, establishment, food, point_of_interest, restaurant",,restaurants Chamartín Madrid
ChIJQTaeoHYpQg0RiU-kNkeFw50,Restaurante Doña Carmela,4.6,129.0,40.4599962,-3.6913245,"establishment, food, point_of_interest, restaurant",,restaurants Chamartín Madrid
ChIJt_rODr0pQg0RXjiXn7px2Kg,Casa de Comidas Restaurante – Rafa Zafra,4.5,98.0,40.4585531,-3.6859852,"establishment, food, point_of_interest, restaurant",,restaurants Chamartín Madrid
ChIJW2bpm60pQg0RdJXWrZzFKLM,Rich & Posh,4.6,173.0,40.4537039,-3.674499999999999,"establishment, food, point_of_interest, restaurant",,restaurants Chamartín Madrid
ChIJIeqopsIoQg0RAqVop8J-_-Q,Urrechu Velázquez,4.6,2149.0,40.4429542,-3.682256999999999,"bar, establishment, food, point_of_interest, restaurant",3.0,restaurants Chamartín Madrid
ChIJ9Q8OIpApQg0R7Hg78xelIG0,Taberna La indigna (Retiro),4.2,649.0,40.4180958,-3.6755164,"establishment, food, point_of_interest, restaurant",2.0,restaurants Retiro Madrid
ChIJB9Ki8MApQg0RoEv-4Q_WuOc,Restaurante Bestial by Rosi la Loca,4.7,6029.0,40.4144883,-3.6997333,"establishment, food, point_of_interest, restaurant",3.0,best restaurants Madrid center
ChIJIQ0qSQApQg0R_p2EG_WiaFk,QIQIHARY SUSHI CHUECA KOREAN BBQ,4.9,10059.0,40.4201099,-3.698956,"establishment, food, point_of_interest, restaurant",2.0,best restaurants Chueca Madrid
ChIJ6-_JN7coQg0RAs3Lndr4cxc,Taberna del Olivo,4.8,9203.0,40.4295067,-3.6712733,"establishment, food, point_of_interest, restaurant",1.0,best restaurants Salamanca Madrid
ChIJbRtyJeMnQg0RT4Sf2bOk6Hs,SINCIO MADRID,4.8,577.0,40.411631,-3.6986587,"establishment, food, point_of_interest, restaurant",2.0,best restaurants Lavapiés Madrid
ChIJv9j-Zd8pQg0Rv7H8FlSCesw,Sogno Italiano Dolce far Niente,4.7,509.0,40.4201163,-3.6775164,"establishment, food, point_of_interest, restaurant",2.0,best restaurants Retiro Madrid
ChIJjUKmhdkpQg0RmSjsHzzqgYo,Bandida Tapas & Cocktail Bar,4.8,1167.0,40.41608799999999,-3.7012402,"bar, establishment, food, point_of_interest, restaurant",2.0,tapas Madrid center
ChIJdxPahH4oQg0RGMIUW6VRVlQ,Cañas y Tapas,4.1,5538.0,40.4174438,-3.7060387,"bar, establishment, food, point_of_interest, restaurant",1.0,tapas Madrid center
ChIJ9zeFT3soQg0RAPJqT0oFETg,Txapela Gran Via,4.2,10957.0,40.4222797,-3.7087329,"bar, establishment, food, point_of_interest, restaurant",2.0,tapas Malasaña Madrid
ChIJyUEZYmIoQg0RDcaCaCBc8OI,Casa Camacho,4.3,2319.0,40.4256372,-3.7038162,"bar, establishment, food, point_of_interest, restaurant",1.0,tapas Malasaña Madrid
ChIJ6bFN0IUoQg0R1XooZXPpSgg,Taberna La Carmencita,4.0,1710.0,40.4211596,-3.6972845,"bar, establishment, food, point_of_interest, restaurant",2.0,tapas Chueca Madrid
ChIJxcIoL4QoQg0RWDyjjXQrsy4,Tasca Celso y Manolo,4.0,2323.0,40.4202699,-3.6974864,"establishment, food, point_of_interest, restaurant",3.0,tapas Chueca Madrid
ChIJLQw8VIYoQg0R-Ocwdbj8jqk,El Pezcador,4.1,2250.0,40.4209014,-3.7001908,"bar, establishment, food, point_of_interest, restaurant",1.0,tapas Chueca Madrid
ChIJpwM4dDEpQg0Rt69bs_Sa46A,El tigre Sidra Bar,4.5,922.0,40.4218353,-3.700323599999999,"bar, establishment, food, point_of_interest, restaurant",,tapas Chueca Madrid
ChIJw2EHlYYoQg0RsGZYTq6Vc6Q,Mercado de la Reina 12,4.2,7972.0,40.419629,-3.6987696,"bar, establishment, food, point_of_interest, restaurant",2.0,tapas Chueca Madrid
ChIJj556I9YnQg0RnWZKVwWD8yk,Taberna Salamanca,3.7,829.0,40.4121595,-3.7094995,"establishment, food, point_of_interest, restaurant",,tapas Salamanca Madrid
ChIJ5Xy2lxUmPw0R3cWhV00Vp4A,Cuzco Bodega - Salamanca,4.5,2382.0,40.9642014,-5.6656074,"bar, establishment, food, point_of_interest, restaurant",2.0,tapas Salamanca Madrid
ChIJyR_PAJcoQg0RAOepN7Z3Y7o,Pimiento Verde,4.4,2540.0,40.4240231,-3.6814209,"establishment, food, point_of_interest, restaurant",2.0,tapas Salamanca Madrid
ChIJF76FPiomQg0RBnrydUsIu0M,Latazo,4.7,309.0,40.4115605,-3.698812199999999,"bar, establishment, food, point_of_interest, restaurant",1.0,tapas Lavapiés Madrid
ChIJZdfHlCsmQg0RwqAvdP7zh7M,Il morto che parla,4.3,864.0,40.40895709999999,-3.699116,"bar, establishment, night_club, point_of_interest",1.0,tapas Lavapiés Madrid
ChIJFY_gxfQnQg0R8RqyTJIvNTQ,La taberna Viajera,4.7,263.0,40.4086696,-3.7049612,"bar, establishment, food, point_of_interest, restaurant",1.0,tapas Lavapiés Madrid
ChIJA02E0dUnQg0R0BYCOrtncjE,Restaurante Casa Amadeo Los Caracoles,4.5,5518.0,40.41052,-3.707499,"bar, establishment, food, point_of_interest, restaurant",2.0,tapas La Latina Madrid
ChIJ9UjhtNcnQg0Rhk8ZayZ5Gr8,El Buo,3.9,3229.0,40.4111916,-3.7106033,"bar, establishment, food, point_of_interest, restaurant",2.0,tapas La Latina Madrid
ChIJxyrVpRUpQg0RErpmYDtExTo,La Taberna de Baco,3.9,1936.0,40.4715777,-3.6844965,"establishment, food, meal_takeaway, point_of_interest, restaurant",1.0,tapas Chamartín Madrid
ChIJjeARfIAoQg0RPKowX6hOkg4,Bayres Beef - Argentina en Tapas,4.5,1150.0,40.4482144,-3.6756197,"establishment, food, point_of_interest, restaurant",2.0,tapas Chamartín Madrid
ChIJjUHzhRQpQg0RImfG_Ue1m3A,Casa Nemesio,4.5,2689.0,40.4723528,-3.6869517,"establishment, food, point_of_interest, restaurant",3.0,tapas Chamartín Madrid
ChIJj1vKOqEoQg0R38BqgkYAvak,Restaurante Cruz Blanca Las Murallas,4.1,3484.0,40.4168488,-3.6780164,"bar, cafe, establishment, food, point_of_interest, restaurant, store",2.0,tapas Retiro Madrid
ChIJjXblz4EoQg0RFFRdU-_lE44,El Imperfecto,4.3,2148.0,40.4136724,-3.6997268,"bar, establishment, point_of_interest",1.0,bars Madrid center
ChIJf4_VhXsoQg0RIIPiAlAds4s,Beer Station,4.4,4144.0,40.4196872,-3.7084798,"bar, establishment, food, point_of_interest, restaurant",2.0,bars Madrid center
ChIJVVU5xYEoQg0Rtfft_Gemt9I,Blackbird Rock Bar,4.5,1448.0,40.413687,-3.69963,"bar, establishment, point_of_interest",2.0,bars Madrid center
ChIJ4w01PM0pQg0RI1Hzdd3W0iY,Punch Room Madrid,4.6,57.0,40.41769,-3.70585,"bar, establishment, food, point_of_interest, restaurant",,bars Madrid center
ChIJ0dN-R20pQg0RRYDrC5vbOmo,Jack´s Club,5.0,310.0,40.4184793,-3.7029129,"bar, establishment, point_of_interest",,bars Madrid center
ChIJCUP8rIEoQg0R9OhXd54rn7Q,Planet Club,4.4,3585.0,40.4151677,-3.7004958,"bar, establishment, night_club, point_of_interest",,bars Madrid center
ChIJs0LWbWIoQg0R2NobGhdvxZ8,Madklyn,4.3,618.0,40.4265112,-3.7035662,"bar, establishment, point_of_interest",2.0,bars Malasaña Madrid
ChIJ5Syw8CkpQg0RwtJV5BxwRsQ,Malasaña31 – Experiential Bar,4.6,447.0,40.4287508,-3.7050607,"bar, establishment, point_of_interest",1.0,bars Malasaña Madrid
ChIJxf3KaYQpQg0RIW2lB2Wimro,Beer Pong Madrid – Malasaña 31,4.5,158.0,40.4287508,-3.7050607,"bar, establishment, point_of_interest",,bars Malasaña Madrid
ChIJswjtzYwpQg0RAs6NKOTlXfU,Club Malasaña,3.6,502.0,40.4256283,-3.7031121,"establishment, night_club, point_of_interest",2.0,bars Malasaña Madrid
ChIJQ5cUyIkoQg0RckZRhqKKBBo,El Penta Bar,4.3,3118.0,40.4261861,-3.701705,"bar, establishment, point_of_interest",2.0,bars Malasaña Madrid
ChIJkd3g9WEoQg0Ralrp0DMQyEM,Café de Ruiz,4.3,1090.0,40.4281316,-3.7039601,"bar, cafe, establishment, food, point_of_interest, restaurant, store",2.0,bars Malasaña Madrid
ChIJRQEJyIkoQg0RhcOhiC8TiDY,Tupperware,4.1,1201.0,40.42628060000001,-3.7016878,"bar, establishment, point_of_interest",1.0,bars Malasaña Madrid
ChIJxXcgtsApQg0R-Qr6PVlAybM,Rockade Malasaña,4.7,285.0,40.4243648,-3.7051399,"establishment, night_club, point_of_interest",2.0,bars Malasaña Madrid
ChIJew80fWIoQg0RramD1vEeTEg,Ocean Rock Bar,4.3,852.0,40.4256298,-3.7034948,"bar, establishment, point_of_interest",1.0,bars Malasaña Madrid
ChIJu2kG82IoQg0ReemOykDxnuw,Mongo Bar,4.7,139.0,40.425123,-3.7042977,"bar, establishment, night_club, point_of_interest",,bars Malasaña Madrid
ChIJ8ZkkWIgoQg0R9K74EbiiJoM,In Dreams Café,4.3,723.0,40.425,-3.7002778,"bar, establishment, point_of_interest",2.0,bars Malasaña Madrid
ChIJV40jeIYoQg0RtKaUd5zT6fg,Pub Gris,4.4,693.0,40.4213119,-3.6978683,"bar, establishment, night_club, point_of_interest",1.0,bars Chueca Madrid
ChIJb8S11_spQg0RwMBaninysxo,Priscilla Cóctel Bar Chueca,4.8,74.0,40.4218816,-3.6979161,"bar, establishment, point_of_interest",,bars Chueca Madrid
ChIJl6ZlGIYoQg0RDgx2vNerDAE,Intruso Bar,4.4,2657.0,40.4231123,-3.7002265,"bar, establishment, point_of_interest",2.0,bars Chueca Madrid
ChIJE1kP-oYoQg0Rt0cg2q82Iw0,Bar Cock,4.1,897.0,40.419883,-3.6988065,"bar, establishment, point_of_interest",3.0,bars Chueca Madrid
ChIJB7RFNBcpQg0R6gqZKKGvQu4,The Moon Tropical,3.4,425.0,40.4251796,-3.6965076,"bar, establishment, food, night_club, point_of_interest, restaurant",,bars Chueca Madrid
ChIJuVuvrAEpQg0RhQPPFS7z0Sw,Muerde O Chupa,4.1,131.0,40.42081,-3.70072,"bar, establishment, point_of_interest",,bars Chueca Madrid
ChIJ_TfXa48oQg0RHUDcef_FfeE,Doce Botellas Bar,4.5,283.0,40.424256,-3.6964093,"bar, establishment, night_club, point_of_interest",,bars Chueca Madrid
ChIJC0mdCdopQg0RQtOEyORMC5U,PopArt Tapas Bar,4.9,159.0,40.4338923,-3.6740833,"bar, establishment, food, point_of_interest, restaurant",,bars Salamanca Madrid
ChIJAeNdiRcpQg0RM4tTxDpAWEY,Tarde.O,4.2,121.0,40.4299849,-3.6882088,"bar, establishment, point_of_interest",,bars Salamanca Madrid
ChIJiWPKUgApQg0RBWlSqI4Yf6Q,Gaston Wine Bar Madrid,4.3,423.0,40.4220598,-3.6859164,"bar, establishment, food, point_of_interest, restaurant",,bars Salamanca Madrid
ChIJOaLsnpkpQg0Re5WAAK6sX2s,Before Madrid,4.5,717.0,40.4315289,-3.6734388,"bar, establishment, night_club, point_of_interest",2.0,bars Salamanca Madrid
ChIJfdy7BSsmQg0RhKyC0dhr8vk,Olivia rock'n'roll cafe,4.6,677.0,40.409849,-3.7009154,"bar, cafe, establishment, food, point_of_interest, restaurant, store",1.0,bars Lavapiés Madrid
ChIJc94mwismQg0RiweCJbdGKZ4,La Noche Boca Arriba,4.4,696.0,40.4092907,-3.698823599999999,"bar, establishment, night_club, point_of_interest",1.0,bars Lavapiés Madrid
ChIJWdQIXtMnQg0RDzj8cNzkmeE,Bar El Rincón Guay,4.0,1214.0,40.4074836,-3.7041641,"bar, establishment, point_of_interest",1.0,bars Lavapiés Madrid
ChIJm64Q6yomQg0RlLjA7sLx3eM,Malatesta rock bar,4.7,284.0,40.411561,-3.7014318,"bar, establishment, point_of_interest",1.0,bars Lavapiés Madrid
ChIJizBy6SwmQg0ROihyM1Wx8BE,Loukanikos,4.6,1034.0,40.4061763,-3.7014347,"bar, establishment, point_of_interest",1.0,bars Lavapiés Madrid
ChIJgw2y9lAnQg0RTI5wlX4n46c,La Cuevita de La Latina,4.0,53.0,40.4123047,-3.7092617,"bar, establishment, point_of_interest",,bars La Latina Madrid
ChIJ3f-SzNcnQg0R9rT5rsBd14s,LA POTENTE,3.5,1713.0,40.4118238,-3.7105914,"bar, establishment, food, point_of_interest, restaurant",2.0,bars La Latina Madrid
ChIJ__8LkHgoQg0R_5SdJQRh8PU,Juan Sin Miedo La Latina,4.1,1052.0,40.413322,-3.709818,"bar, establishment, point_of_interest",2.0,bars La Latina Madrid
ChIJcZn-niEpQg0RR-wVK3dGOAI,Forty-Six,3.9,317.0,40.4582553,-3.6801435,"bar, establishment, night_club, point_of_interest",1.0,bars Chamartín Madrid
ChIJM1WBbjwpQg0Rec1esgPpVYU,Capitán Bar,4.1,897.0,40.4679876,-3.6783707,"bar, establishment, point_of_interest",2.0,bars Chamartín Madrid
ChIJNYvExxkpQg0Ra4H4-jWfdwQ,La Corriente del Golfo,4.2,319.0,40.4628015,-3.6858985,"bar, establishment, night_club, point_of_interest",,bars Chamartín Madrid
ChIJIUqe4dIoQg0R0V726W0IHkA,Pop'n'Roll,4.1,220.0,40.4469834,-3.6637999,"establishment, night_club, point_of_interest",2.0,bars Chamartín Madrid
ChIJiRspLxQpQg0RgG0afM5aDmo,Taberna de Angela,4.2,156.0,40.4697396,-3.6856328,"bar, establishment, point_of_interest",1.0,bars Chamartín Madrid
ChIJ9UZJMAApQg0RAGLa8eulTIY,LLORERIA CLUB,4.8,80.0,40.41336829999999,-3.696746099999999,"bar, establishment, point_of_interest",,bars Retiro Madrid
ChIJ1wTg3RsmQg0RLifcebzIFv0,Pacific,4.2,532.0,40.4071571,-3.67734,"bar, establishment, night_club, point_of_interest",1.0,bars Retiro Madrid
ChIJTXaWjKgoQg0RRMfgCwPicmE,Tramontana,4.1,532.0,40.4168089,-3.6712864,"bar, establishment, point_of_interest",1.0,bars Retiro Madrid
ChIJWZGRWt0pQg0ROSphZEWvvh0,Mojito´s Cocktail bar,4.6,1192.0,40.4185076,-3.7005785,"bar, establishment, food, point_of_interest, restaurant",1.0,cocktail bars Madrid center
ChIJA3kzBFIpQg0RzzIdK76H4qQ,Maldita Gioconda,4.7,452.0,40.4151056,-3.705021,"bar, establishment, point_of_interest",,cocktail bars Madrid center
ChIJIT3oyqEpQg0RjNpd7RmvBgg,KINKI COCKTAIL CLUB,4.6,53.0,40.4269445,-3.707756399999999,"bar, establishment, point_of_interest",,cocktail bars Malasaña Madrid
ChIJN7o3owgpQg0RJuG432GJdiA,Pensión Mimosas - Cocktail Bar,4.7,567.0,40.4156751,-3.7050991,"bar, establishment, night_club, point_of_interest",,cocktail bars Malasaña Madrid
ChIJo12O7mEoQg0RhVoIzIuOo2I,Maïmú Bar,4.8,348.0,40.428951,-3.7037974,"bar, establishment, point_of_interest",,cocktail bars Malasaña Madrid
ChIJqWc1g20pQg0RGSbMF6YtzCY,ABSENT COCKTAIL ROOM & GARDEN,4.1,447.0,40.4249826,-3.7105414,"bar, establishment, point_of_interest",,cocktail bars Malasaña Madrid
ChIJx9pQB4coQg0RbWWu0GDHNTw,Shambala,4.8,1881.0,40.4205678,-3.7007123,"bar, cafe, establishment, food, night_club, point_of_interest, store",,cocktail bars Chueca Madrid
ChIJD8yEK_UoQg0RZ64NZSqglx0,The Dash,4.5,1234.0,40.4334982,-3.7006417,"bar, establishment, point_of_interest",2.0,cocktail bars Salamanca Madrid
ChIJe9a3UOMpQg0R8kGUqT02H8U,EL LOCO,4.8,628.0,40.4210216,-3.6987281,"bar, establishment, food, point_of_interest, restaurant",,cocktail bars Salamanca Madrid
ChIJRcdvjbspQg0R7Jxg0KzTqn8,La Analógica HIFI,4.6,238.0,40.4132305,-3.6959581,"bar, establishment, point_of_interest",,cocktail bars Lavapiés Madrid
ChIJ-_yI4CkmQg0R3gAqMgiYO90,Santos y Desamparados,4.5,991.0,40.4129171,-3.6966068,"bar, establishment, point_of_interest",2.0,cocktail bars Lavapiés Madrid
ChIJfWvDgnonQg0RUwZ1rlXTU7Y,Bar La Miguelusa,4.9,205.0,40.4071637,-3.7022065,"bar, establishment, food, point_of_interest, restaurant",1.0,cocktail bars Lavapiés Madrid
ChIJDxCxoJgnQg0RI0Y_oh9BWKU,Oculto,4.8,87.0,40.4075089,-3.6996304,"bar, establishment, point_of_interest",,cocktail bars Lavapiés Madrid
ChIJAQAAANEnQg0Rcw34ZGMm4mc,Mezcaloteca Corazón Agavero,4.7,1212.0,40.4094986,-3.710461,"bar, establishment, food, point_of_interest, restaurant",2.0,cocktail bars La Latina Madrid
ChIJl-jS1OYpQg0RBSaXAVdIkaI,Terraza The Hat Rooftop,4.7,265.0,40.41431,-3.70707,"bar, establishment, food, point_of_interest, restaurant",,cocktail bars La Latina Madrid
ChIJH4rvOP4oQg0RFm2PZ4o4dAE,La Gintonería de Candilón,4.3,862.0,40.4523361,-3.6992187,"bar, establishment, point_of_interest",2.0,cocktail bars Chamartín Madrid
ChIJ_XPTCFMpQg0RVrW1xrbJ8mA,Wild Thing Bar,4.5,793.0,40.4484961,-3.6640436,"bar, establishment, point_of_interest",1.0,cocktail bars Chamartín Madrid
ChIJA4GYJgApQg0RrQO82HXYGmw,El Tarao de Fleming,4.7,72.0,40.4605652,-3.6875744,"bar, establishment, point_of_interest",,cocktail bars Chamartín Madrid
ChIJkfBEG2QpQg0R_ISbBjvWdnY,ChinChín,4.3,257.0,40.4232446,-3.7066068,"bar, establishment, point_of_interest",2.0,cocktail bars Chamartín Madrid
ChIJjb8_IBspQg0RZaL6bLjFtpg,Klimt,4.0,848.0,40.4614418,-3.6915484,"bar, establishment, night_club, point_of_interest",3.0,cocktail bars Chamartín Madrid
ChIJ05ASNQAnQg0RA2b2IH9TWjo,LORD MONKEY,4.8,128.0,40.4028664,-3.677172099999999,"bar, establishment, point_of_interest",,cocktail bars Retiro Madrid
ChIJoxUGnd0pQg0R8ojPig9BPVc,Caracortada,4.7,525.0,40.4132459,-3.6960229,"bar, establishment, food, point_of_interest, restaurant",2.0,cocktail bars Retiro Madrid
ChIJFyYpQHkoQg0R9NIoYbZ6nc8,Cafe Madrid,4.5,1000.0,40.4166411,-3.709223799999999,"bar, cafe, establishment, food, point_of_interest, restaurant, store",2.0,cafes Madrid center
ChIJ9Rmtyp4pQg0RTkYpi-MkZQ0,Kawaii Café,4.3,5672.0,40.4160051,-3.7070468,"cafe, establishment, food, point_of_interest, store",,cafes Madrid center
ChIJVfoWrPwpQg0RnYN-n17yZ6c,FOUR Madrid Specialty Coffee,4.5,852.0,40.4160735,-3.7111597,"cafe, establishment, food, point_of_interest, restaurant, store",,cafes Madrid center
ChIJdSDiuRUpQg0Rqh1Gr-nFnJI,Hey My Coffee - Sol,4.8,698.0,40.4177328,-3.7033735,"cafe, establishment, food, point_of_interest, store",,cafes Madrid center
ChIJEd5e_JUpQg0RWzhb9cuucJk,Bottega Cafè,4.7,796.0,40.4166004,-3.710492,"cafe, establishment, food, point_of_interest, store",,cafes Madrid center
ChIJ2fh7Y8EpQg0RjjokkdLmxA0,Norah Coffee & Brunch - Speciality Coffee,4.8,7499.0,40.42543,-3.678831,"cafe, establishment, food, point_of_interest, restaurant, store",,cafes Madrid center
ChIJzeZE9sAnQg0RQatxg58ZB5w,Cafelito,4.7,1446.0,40.4083729,-3.7027369,"cafe, establishment, food, point_of_interest, store",,cafes Madrid center
ChIJi20NO0EpQg0ReWund5yaRcQ,BRUTAL SPECIALTY COFFEE,4.2,993.0,40.4144218,-3.7021457,"cafe, establishment, food, point_of_interest, store",,cafes Madrid center
ChIJ3WQ-Q4coQg0RRxOXCZKZ0gQ,Garden of Salvador Bachiller,4.2,9725.0,40.4190923,-3.702268,"cafe, establishment, food, point_of_interest, restaurant, store",2.0,cafes Madrid center
ChIJ90Jf-tYpQg0Rs9vgEgc8ow8,Lolina Vintage Café,4.3,1156.0,40.4251154,-3.7029106,"cafe, establishment, food, point_of_interest",2.0,cafes Malasaña Madrid
ChIJnWBQ9WEoQg0RPZfNmmN97Io,Café Ajenjo,4.5,532.0,40.4282128,-3.7041708,"bar, cafe, establishment, food, night_club, point_of_interest, store",,cafes Malasaña Madrid
ChIJbQpesbMnQg0Rv9VQpzxNfkM,HanSo Café,4.3,4753.0,40.4235109,-3.7026311,"cafe, establishment, food, point_of_interest, restaurant, store",1.0,cafes Malasaña Madrid
ChIJ30LStmMoQg0R3jE_4mNQ22E,Toma Café 1,4.4,3493.0,40.42646149999999,-3.7059434,"cafe, establishment, food, point_of_interest, store",2.0,cafes Malasaña Madrid
ChIJCeiOaogoQg0R2MtI-9qyBmw,Urbano Specialty Coffee,4.4,1362.0,40.424344,-3.7014136,"cafe, establishment, food, point_of_interest, restaurant, store",,cafes Malasaña Madrid
ChIJI11zEIgoQg0RgUdj-1TEAE4,La Bicicleta,4.0,5983.0,40.4238303,-3.7022327,"bar, cafe, establishment, food, point_of_interest, restaurant, store",2.0,cafes Malasaña Madrid
ChIJpSodUmMoQg0REdhHFewpIqM,Café Angélica,4.7,709.0,40.4232355,-3.7073303,"cafe, establishment, food, point_of_interest, store",,cafes Malasaña Madrid
ChIJ4bGtRgApQg0RSr29fjD6vZw,Masamune Speciality Coffee,4.5,592.0,40.4261271,-3.7013556,"cafe, establishment, food, point_of_interest, restaurant, store",,cafes Malasaña Madrid
ChIJnzHxmmMoQg0RVCH1MaVSrDY,La Doña,4.1,2027.0,40.42600119999999,-3.7072037,"bakery, cafe, establishment, food, point_of_interest, restaurant, store",1.0,cafes Malasaña Madrid
ChIJ9ajOsropQg0RGr7njVSq-Yc,Mö Matcha - Malasaña,4.7,260.0,40.4236574,-3.7051517,"cafe, establishment, food, point_of_interest",,cafes Malasaña Madrid
ChIJz_EenRIpQg0R_FxKPX5zY8E,Rut Café,4.8,545.0,40.42226,-3.70594,"cafe, establishment, food, point_of_interest, store",,cafes Malasaña Madrid
ChIJKe3wxsYpQg0RxJ88Z45mqaM,Costanza Cafe,4.8,1263.0,40.4227778,-3.7038889,"bar, cafe, establishment, food, point_of_interest, restaurant, store",,cafes Malasaña Madrid
ChIJz2T04oUoQg0RSNz2Ar6sCIo,Cafetería Verdoy,4.1,1423.0,40.422452,-3.6977355,"cafe, establishment, food, point_of_interest, store",1.0,cafes Chueca Madrid
ChIJS2LFBIYoQg0R7rjEgi7yePg,Café-Bar Valentina,4.3,692.0,40.4227772,-3.6984203,"bar, cafe, establishment, food, point_of_interest, restaurant",1.0,cafes Chueca Madrid
ChIJ2UeZwSkpQg0RvZ8B_hF5UB4,Mö Matcha - Chueca,4.9,65.0,40.4225476,-3.6985597,"cafe, establishment, food, point_of_interest, store",,cafes Chueca Madrid
ChIJG_kN1fIpQg0RhTtQIuepYFo,Lilo Brunch Madrid | Chueca,4.7,2882.0,40.4203529,-3.6975687,"bakery, cafe, establishment, food, point_of_interest, restaurant, store",2.0,cafes Chueca Madrid
ChIJiRIDDoYoQg0RrWcwHgIK_ec,Arrivederci Coffee,4.6,420.0,40.4222855,-3.6984463,"establishment, food, point_of_interest, store",,cafes Chueca Madrid
ChIJjR1gZo8oQg0RciOKi7NJDEs,Faraday,4.5,1195.0,40.4237986,-3.6963387,"cafe, establishment, food, point_of_interest, store",2.0,cafes Chueca Madrid
ChIJYfV50MMpQg0RQIz89Oib2Go,La Desayunería Barbieri,4.5,6278.0,40.4206565,-3.6981988,"cafe, establishment, food, point_of_interest, restaurant, store",2.0,cafes Chueca Madrid
ChIJ11orjnApQg0RNNIMjqxPeFQ,Norah Brunch & Coffee - Lista,4.8,3371.0,40.4309773,-3.671937799999999,"cafe, establishment, food, point_of_interest, restaurant, store",,cafes Salamanca Madrid
ChIJiVIpjsAoQg0Rd3ph4qOnMjg,Bendita Locura Coffee & Dreams,4.4,4914.0,40.4350806,-3.679518,"bar, cafe, establishment, food, point_of_interest, restaurant, store",2.0,cafes Salamanca Madrid
ChIJee89rmEpQg0RE4i5iUYd7cY,Hola Coffee Lagasca,4.5,687.0,40.4249545,-3.685325199999999,"cafe, establishment, food, point_of_interest, store",,cafes Salamanca Madrid
ChIJE68ITv4pQg0R7ezkwI6gRh4,Sinfonía Specialty Coffee,4.8,772.0,40.4293382,-3.6738488,"cafe, establishment, food, point_of_interest, store",,cafes Salamanca Madrid
ChIJk5jaxpcoQg0R0rR6gx2VIlo,Viena Capellanes,4.7,4173.0,40.4254492,-3.6835607,"bakery, cafe, establishment, food, health, point_of_interest, restaurant, store",2.0,cafes Salamanca Madrid
ChIJw1doctMpQg0RmhJmOx90Aqo,Religion Coffee & EATERY,4.3,2179.0,40.43757009999999,-3.6850403,"cafe, establishment, food, point_of_interest, store",2.0,cafes Salamanca Madrid
ChIJs7VLVbgoQg0RtXIpr-jf-0M,Manolo Bakes,4.7,8680.0,40.4315923,-3.6749529,"bakery, cafe, establishment, food, point_of_interest, store",2.0,cafes Salamanca Madrid
ChIJV8xJMgIpQg0R7CrGMKSs8Zk,Brunch & Cake,4.6,1393.0,40.4286599,-3.676671099999999,"bakery, cafe, establishment, food, point_of_interest, restaurant, store",,cafes Salamanca Madrid
ChIJSXDoZwkpQg0R_k-v3cMcaro,Solo Café,4.6,483.0,40.4276899,-3.685718,"cafe, establishment, food, point_of_interest, store",,cafes Salamanca Madrid
ChIJ-yCwyrwoQg0Rdt248k3NBe0,La Merendona,4.3,1206.0,40.4238685,-3.6788276,"bakery, cafe, establishment, food, point_of_interest, store",1.0,cafes Salamanca Madrid
ChIJn9VJuuApQg0R3K_npMBedCM,Utøpico - Specialty Coffee,4.5,1042.0,40.4328503,-3.680042099999999,"cafe, establishment, food, point_of_interest, store",,cafes Salamanca Madrid
ChIJgeMjo2kvQg0RKofrWasx8h4,Bar cafeteria salamanca,4.2,211.0,40.4287042,-3.640094599999999,"cafe, establishment, food, point_of_interest, store",1.0,cafes Salamanca Madrid
ChIJU4JkSrApQg0Rzzawtj2uCII,BLACK RISTRETTO MADRID BR01,4.4,254.0,40.4291372,-3.6823203,"cafe, establishment, food, point_of_interest, store",,cafes Salamanca Madrid
ChIJSyqdXyIpQg0RN7l40vgir_Y,Delphina Café - Restaurante Calle Serrano,4.5,1079.0,40.4315971,-3.6865112,"bar, cafe, establishment, food, point_of_interest, restaurant, store",2.0,cafes Salamanca Madrid
ChIJ32mt4JUoQg0RGndoFC5i7DU,Pastelería Mallorca | Velazquez,4.6,10340.0,40.429063,-3.684011,"bakery, bar, cafe, establishment, food, point_of_interest, restaurant, store",3.0,cafes Salamanca Madrid
ChIJuTmO49gpQg0RAu6G8PfdJMM,East Crema Coffee Hermosilla (Specialty Coffee Madrid),4.4,882.0,40.4262363,-3.6831145,"cafe, establishment, food, point_of_interest, store",,cafes Salamanca Madrid
ChIJ0fvgHdUnQg0R0GnqJECL9Og,Plántate: Better Coffee & Brunch,4.6,1192.0,40.4103754,-3.7044934,"cafe, establishment, food, point_of_interest",1.0,cafes Lavapiés Madrid
ChIJ4xHrSyomQg0RfEnsLgGnOYU,Nomade Cafe,4.6,3862.0,40.4107147,-3.6993613,"establishment, food, point_of_interest, restaurant",1.0,cafes Lavapiés Madrid
ChIJsfPATAAnQg0RktnmHJVuOW0,Café Lula,4.7,737.0,40.4112049,-3.702797,"cafe, establishment, food, point_of_interest, restaurant, store",,cafes Lavapiés Madrid
ChIJHcNjpR0nQg0RMpNsDeUTL54,Cinco Hileras Café Brunch,4.8,1715.0,40.4116582,-3.7030978,"cafe, establishment, food, point_of_interest, restaurant, store",,cafes Lavapiés Madrid
ChIJBY5isMonQg0RBXRmgKMOH4A,Miles Café - Specialty Coffee & Matcha,4.9,432.0,40.4083199,-3.699329499999999,"cafe, establishment, food, point_of_interest, store",,cafes Lavapiés Madrid
ChIJz-wX48onQg0R7LGQ1alsUCM,Adorado Bar Lavapies,4.4,2034.0,40.4106219,-3.7046934,"bar, cafe, establishment, food, point_of_interest, restaurant, store",,cafes Lavapiés Madrid
ChIJIw_CtC4mQg0RFwY1oO153DI,FILIFY Bakery & Coffee,4.5,914.0,40.4079347,-3.696719499999999,"bakery, establishment, food, point_of_interest, store",1.0,cafes Lavapiés Madrid
ChIJX2-aAYAnQg0RUj8q3XfYL1k,Pascal Specialty Coffee & Brunch,4.8,2786.0,40.4102506,-3.7044469,"cafe, establishment, food, point_of_interest",2.0,cafes Lavapiés Madrid
ChIJz2ZMEywmQg0R0xzWYwP0OY8,Hola Coffee Fourquet,4.4,1138.0,40.4070207,-3.6990835,"cafe, establishment, food, point_of_interest, store",1.0,cafes Lavapiés Madrid
ChIJ2x0-A9gnQg0R8KlupqjUOlc,DABOV Specialty Coffee Spain,4.8,917.0,40.4101176,-3.6974377,"cafe, establishment, food, point_of_interest",1.0,cafes Lavapiés Madrid
ChIJ0dvINm4nQg0REbqTRq0FPeQ,La Barra Dulce,4.5,760.0,40.4105389,-3.704603,"bakery, cafe, establishment, food, point_of_interest, store",1.0,cafes Lavapiés Madrid
ChIJMZhlxtUnQg0RWeFypVUAKn4,Boconó Specialty Coffee,4.4,1522.0,40.4106247,-3.7066764,"cafe, establishment, food, point_of_interest, store",1.0,cafes Lavapiés Madrid
ChIJv_7kNfQnQg0Rv12TcfIOyoE,Caravan Cafe,4.7,1650.0,40.4103022,-3.7026021,"cafe, establishment, food, point_of_interest, restaurant",2.0,cafes Lavapiés Madrid
ChIJr1aXkSsmQg0Rzfefyah19Z8,Café de Ratas,4.6,892.0,40.408659,-3.6995732,"bar, establishment, food, point_of_interest, restaurant",1.0,cafes Lavapiés Madrid
ChIJ_VorLIUnQg0RT6FvidyC_FY,Crema y Nata,4.9,561.0,40.4069355,-3.699392099999999,"bakery, cafe, establishment, food, point_of_interest, store",,cafes Lavapiés Madrid
ChIJDSzzoNcnQg0Rcpe-JkynlH0,SLOW / Specialty Coffee Madrid,4.5,941.0,40.4101444,-3.7115889,"cafe, establishment, food, point_of_interest, store",,cafes La Latina Madrid
ChIJ-QqH0hUnQg0RSoN4jNxokOE,PASTORA – Café & Bottle Shop,4.8,536.0,40.4109521,-3.7130103,"cafe, establishment, food, liquor_store, point_of_interest, store",,cafes La Latina Madrid
ChIJT8MDy3MnQg0RBhIj7BXYWJ0,El Perro de Pavlov Café,4.7,1164.0,40.4126199,-3.7106115,"cafe, establishment, food, point_of_interest, restaurant, store",,cafes La Latina Madrid
ChIJ0blwftwnQg0Rc618LuWTH4o,Café Dude,4.9,434.0,40.4122447,-3.7102678,"bar, cafe, establishment, food, point_of_interest, store",,cafes La Latina Madrid
ChIJ0YT11dUnQg0RhTjwTVqvTO4,Ruda Café,4.6,1540.0,40.4104434,-3.7079795,"bakery, cafe, establishment, food, point_of_interest, restaurant, store",1.0,cafes La Latina Madrid
ChIJdfXphCEnQg0RWuEHIqgwzZ4,Cocuiza Brunch and Coffee,4.8,1260.0,40.4121578,-3.710605299999999,"establishment, food, point_of_interest, restaurant",,cafes La Latina Madrid
ChIJuZGnLm8nQg0RmSiqbJpEZ-4,Platero's - Specialty Coffee & Bår,4.8,206.0,40.408506,-3.7356201,"bar, cafe, establishment, food, point_of_interest, store",,cafes La Latina Madrid
ChIJw-i2jwknQg0RpDSvSrNk1H8,Watts Cantina,4.6,1260.0,40.4117079,-3.7118004,"establishment, food, point_of_interest, restaurant",2.0,cafes La Latina Madrid
ChIJdR5V8tQnQg0R3WslAizObwo,Carmencita Brunch La Latina,4.8,1245.0,40.4118639,-3.709956,"establishment, food, point_of_interest, restaurant",,cafes La Latina Madrid
ChIJowzo92MnQg0RVUFAUB6lNBQ,La Duquesa Cafe-Bar,4.6,215.0,40.41129249999999,-3.7098047,"cafe, establishment, food, point_of_interest",,cafes La Latina Madrid
ChIJz7H0VkUnQg0RqYXcd7u3o9Y,Insolente Mad DecoCafe - Cafetería la Latina Madrid.,5.0,46.0,40.408894,-3.7116347,"bar, cafe, establishment, food, point_of_interest, store",,cafes La Latina Madrid
ChIJAR-o_O4nQg0RNjzA788LF-4,DELICA Bistro,4.5,1088.0,40.4120579,-3.707697,"bar, cafe, establishment, food, point_of_interest, restaurant, store",2.0,cafes La Latina Madrid
ChIJhercSNsnQg0RBfSf8TArOWI,Mafrens,4.6,1181.0,40.4099958,-3.7074432,"cafe, establishment, food, point_of_interest, restaurant, store",2.0,cafes La Latina Madrid
ChIJ2TbszNUnQg0R6_pZ0lndFqM,Mamúa Parrilla Argentina,4.3,1462.0,40.4103244,-3.7070944,"establishment, food, point_of_interest, restaurant",1.0,cafes La Latina Madrid
ChIJeRE9hHMpQg0RIsPMdDO8m3I,CAPY café de especialidad,5.0,159.0,40.4571171,-3.6876743,"cafe, establishment, food, point_of_interest, store",,cafes Chamartín Madrid
ChIJx5LDGgApQg0RKIDsLw8swwQ,Lady Madrid Roaster y Speciality Coffee,4.8,321.0,40.4589955,-3.6772919,"cafe, establishment, food, point_of_interest, store",,cafes Chamartín Madrid
ChIJdbWowQYpQg0R3o9WScWU1IU,Café de la Estación Chamartín,3.2,296.0,40.4725837,-3.683384,"cafe, establishment, food, point_of_interest, store",,cafes Chamartín Madrid
ChIJEbsF4TopQg0R8u7X7onkmpA,Nica Specialty Coffee,4.9,260.0,40.4476836,-3.6722272,"establishment, food, point_of_interest, store",,cafes Chamartín Madrid
ChIJTXXEOhEpQg0RYDYYenQPrPM,Viena Capellanes,4.5,1066.0,40.46745749999999,-3.6884184,"bakery, cafe, establishment, food, health, meal_takeaway, point_of_interest, restaurant, store",2.0,cafes Chamartín Madrid
ChIJ_XETsn8pQg0RcqMtCW0Htiw,Callejón del Bernabéu,4.8,286.0,40.45558399999999,-3.6875616,"cafe, establishment, food, point_of_interest, store",,cafes Chamartín Madrid
ChIJy9uLzdsoQg0RMbug7lZKaaw,Maceta Café,4.7,340.0,40.4487366,-3.6752185,"cafe, establishment, food, point_of_interest, restaurant, store",1.0,cafes Chamartín Madrid
ChIJXzhORTEpQg0RkFxy_ODmnBU,La Barrileña de Chamartín,4.2,36.0,40.4742432,-3.6856664,"bar, cafe, establishment, food, point_of_interest, store",,cafes Chamartín Madrid
ChIJJ_4Y7OMoQg0R663OHvrmlbE,Lombay,3.9,307.0,40.4498723,-3.6888639,"cafe, establishment, food, point_of_interest, restaurant",2.0,cafes Chamartín Madrid
ChIJbYafHwApQg0RptsFnl2rcwM,Panes & Tartas coffee shop Chamartín,4.5,29.0,40.4572892,-3.6773685,"bakery, establishment, food, point_of_interest, store",,cafes Chamartín Madrid
ChIJ4-Z_zeMoQg0Ryx83lp-FdZY,Iciar Café,4.4,599.0,40.451126,-3.68829,"bar, cafe, establishment, food, point_of_interest, restaurant",1.0,cafes Chamartín Madrid
ChIJfRPUopEpQg0RClSAPFQ_Xec,The Cookie Lab,4.3,664.0,40.4465744,-3.684825,"cafe, establishment, food, point_of_interest",2.0,cafes Chamartín Madrid
ChIJRdTdLKApQg0RRvr3kErHrSI,85 Tazas - Specialty Coffee Madrid,4.9,153.0,40.4580253,-3.6745238,"cafe, establishment, food, point_of_interest, store",,cafes Chamartín Madrid
ChIJD_egSYApQg0RS2XC5ZqQSV8,Casa Nica,4.8,112.0,40.4466487,-3.6771522,"cafe, establishment, food, point_of_interest, store",,cafes Chamartín Madrid
ChIJwf6iwYUpQg0Rhx_6TnSn-gs,East Crema Coffee Príncipe (Specialty Coffee Madrid),4.4,281.0,40.455672,-3.6768762,"cafe, establishment, food, point_of_interest, store",,cafes Chamartín Madrid
ChIJGfDDrCApQg0RLhFrjpW-UVM,Manolo Bakes,4.7,864.0,40.4631793,-3.6873997,"bakery, cafe, establishment, food, point_of_interest, store",2.0,cafes Chamartín Madrid
ChIJeYPX6hkpQg0RKpzCP32Vt00,Santagloria,3.9,1231.0,40.4630606,-3.6865376,"bakery, cafe, establishment, food, point_of_interest, store",2.0,cafes Chamartín Madrid
ChIJi-y1WAApQg0RQN3QGB_S7M0,La Tahonita,4.0,69.0,40.4586218,-3.687049,"cafe, establishment, food, point_of_interest, store",,cafes Chamartín Madrid
ChIJMcGfg58pQg0R6EU7BeHGnnU,Sood Coffee (Café de especialidad / Specialty Coffee),4.7,914.0,40.419273,-3.6765259,"cafe, establishment, food, point_of_interest, store",,cafes Retiro Madrid
ChIJd92FU80nQg0R2smbtm9n8Dg,Raíces Café y Arte - Café de especialidad y Brunch,4.8,347.0,40.40613889999999,-3.6725442,"cafe, establishment, food, point_of_interest, store",,cafes Retiro Madrid
ChIJpzgruD8nQg0RFl_vOJ7BBHY,CAFÉ ANAYAD,4.8,580.0,40.4050064,-3.6795165,"cafe, establishment, food, point_of_interest, store",,cafes Retiro Madrid
ChIJSRcSFnMpQg0RTLCSifwUGew,La Rollerie La Terrasse,4.2,3074.0,40.4164161,-3.669946,"cafe, establishment, food, point_of_interest, restaurant",2.0,cafes Retiro Madrid
ChIJQbYuUwApQg0RUcJQ-pWuSIk,La Huevería 11 Café & Vino,4.8,139.0,40.4205433,-3.6780911,"bar, cafe, establishment, food, point_of_interest, restaurant, store",,cafes Retiro Madrid
ChIJ8V2h0RAnQg0R317UiiwmmxI,Cafetería Café Destinos by Carola,4.5,329.0,40.410097,-3.6674122,"cafe, establishment, food, point_of_interest, store",,cafes Retiro Madrid
ChIJuUp_GQApQg0Rc4HKfFriMkQ,Madremia Retiro,5.0,393.0,40.4229418,-3.678921599999999,"bakery, cafe, establishment, food, point_of_interest, store",,cafes Retiro Madrid
ChIJ01bVOcYpQg0Rw58m-4g4gH8,Santagloria Coffee & Bakery,4.4,539.0,40.4168509,-3.671737599999999,"bakery, cafe, establishment, food, point_of_interest, store",2.0,cafes Retiro Madrid
ChIJ8-cx7qUoQg0RpdDs6VRqWhY,Breaking coffe & brunch (specialty coffee/café de especialidad),4.4,342.0,40.4197443,-3.6731208,"cafe, establishment, food, point_of_interest, store",2.0,cafes Retiro Madrid
ChIJ7R4JDxsmQg0Rb0hy33GbV3Y,SUBROSA CAFE,4.7,834.0,40.4069343,-3.6745748,"cafe, establishment, food, point_of_interest",1.0,cafes Retiro Madrid
ChIJyXA1BAAnQg0RfoJCCIGM5Wk,Nuevo Specialty Coffee,4.5,257.0,40.4062367,-3.6758659,"cafe, establishment, food, point_of_interest, store",,cafes Retiro Madrid
ChIJq3RMbAApQg0RjNgbYUqcs34,Vita Sana,4.9,102.0,40.4163377,-3.6733637,"cafe, establishment, food, point_of_interest, store",,cafes Retiro Madrid
ChIJrQ4cx8ApQg0Rpr20pGveU10,Perrisimo Dog Cafe & Bar,4.8,170.0,40.4189523,-3.6787774,"cafe, establishment, food, pet_store, point_of_interest, restaurant, store",,cafes Retiro Madrid
ChIJDaoc6ikmQg0RsYDogtb57ek,Plenti,4.6,2836.0,40.413014,-3.690169,"cafe, establishment, food, point_of_interest, restaurant",1.0,cafes Retiro Madrid
ChIJS4fsGgApQg0RRZEBBkd1cT0,OBRADORES - Madrid,4.4,670.0,40.4167859,-3.676578999999999,"bakery, bar, cafe, establishment, food, point_of_interest, restaurant, store",,cafes Retiro Madrid
ChIJG-VFjKcoQg0RMr6nw9fIehg,Charming Coffee & Bar,4.8,238.0,40.4141608,-3.6739018,"cafe, establishment, food, point_of_interest, store",,cafes Retiro Madrid
ChIJSRkuYgopQg0RURt5Ic_H5v8,Coeur D'Amande,4.7,121.0,40.41566539999999,-3.676126899999999,"bakery, cafe, establishment, food, point_of_interest, store",,cafes Retiro Madrid
ChIJTy_zX9QnQg0R9cYmb4i151E,Café Sitio,4.8,161.0,40.406717,-3.6720122,"bakery, cafe, establishment, food, point_of_interest, restaurant, store",,cafes Retiro Madrid
ChIJHXwmpdApQg0RbsKJFhhdI8g,Loca Obsesión Sol | Brunch Madrid,4.9,7101.0,40.4164457,-3.707623599999999,"bar, cafe, establishment, food, point_of_interest, restaurant, store",,brunch Madrid center
ChIJuemE4v8pQg0RVNswf8QoZlQ,Le Praliné Brunch / Ópera,4.9,396.0,40.4173294,-3.7115519,"establishment, food, point_of_interest, restaurant",,brunch Madrid center
ChIJM9zrV_ApQg0RsglOMeSCo0s,Superchulo Gran Vía | Brunch Madrid,4.8,4835.0,40.42155,-3.7086286,"cafe, establishment, food, point_of_interest, restaurant, store",,brunch Madrid center
ChIJ-RGu1n8pQg0RxB9cYFhVwgc,EatMyTrip Gran Via - Specialty Coffee & Brunch Madrid,4.8,1613.0,40.4213911,-3.7027476,"bakery, cafe, establishment, food, point_of_interest, restaurant, store",,brunch Madrid center
ChIJkRZn8f0pQg0R1Rq9U_jqDL4,Indiscreto | Brunch Madrid,4.7,589.0,40.42008999999999,-3.69915,"cafe, establishment, food, point_of_interest, restaurant, store",,brunch Madrid center
ChIJZaBCiocoQg0RhYq46qXa8o4,Brunch Club,4.5,2117.0,40.4216,-3.7028222,"cafe, establishment, food, point_of_interest, restaurant, store",2.0,brunch Madrid center
ChIJZ9WYZrIpQg0R26G9skJlXGg,"MrWay - Specialty Coffee, Brunch & Cocktails",4.8,220.0,40.4130217,-3.7134262,"bar, cafe, establishment, food, point_of_interest, restaurant, store",,brunch Madrid center
ChIJaWFEDZIpQg0RmCiEaB4hBic,Zenith Brunch & Cocktails,4.6,8461.0,40.422371,-3.7016131,"establishment, food, point_of_interest, restaurant",2.0,brunch Madrid center
ChIJOyvtj2MoQg0RywVspXwBays,Carmencita Brunch Malasaña,4.6,3909.0,40.4261315,-3.7079092,"cafe, establishment, food, point_of_interest, restaurant, store",1.0,brunch Malasaña Madrid
ChIJqXASimIoQg0RhOtFDY1-fAA,Ojalá,4.4,10195.0,40.425527,-3.7039978,"establishment, food, point_of_interest, restaurant",2.0,brunch Malasaña Madrid
ChIJC5_rsjwpQg0Rr2NnbO_JogQ,Frutas Prohibidas – Brunch y Café de Especialidad en Madrid,4.8,11777.0,40.4274672,-3.7103494,"cafe, establishment, food, point_of_interest, restaurant, store",2.0,brunch Malasaña Madrid
ChIJ92P3KQApQg0RSHXEPjjFLOI,En Bruto | Café & Brunch Malasaña,4.4,46.0,40.4231694,-3.7042233,"cafe, establishment, food, point_of_interest, store",,brunch Malasaña Madrid
ChIJwdvQhH4pQg0RC58V_3BY50c,Luchy Bakery & Café,4.8,357.0,40.423603,-3.6978643,"cafe, establishment, food, point_of_interest, restaurant, store",,brunch Chueca Madrid
ChIJoyFKRI8oQg0Rgm3by90VEcw,Frida,4.2,5370.0,40.4239997,-3.6970391,"establishment, food, point_of_interest, restaurant",2.0,brunch Chueca Madrid
ChIJpwbOilYpQg0RLIJHthcOIU0,The Garden Brunch Café,4.7,2136.0,40.4260832,-3.676318999999999,"establishment, food, point_of_interest, restaurant",,brunch Salamanca Madrid
ChIJz9Z9eq4pQg0RO-vmITBvuRY,Brunchit,4.8,839.0,40.43744,-3.6822915,"establishment, food, point_of_interest, restaurant",,brunch Salamanca Madrid
ChIJv1MDLy4pQg0RFHyNAJLYD1M,Saudade Café Brunch,4.8,362.0,40.422671,-3.6748409,"cafe, establishment, food, point_of_interest, store",,brunch Salamanca Madrid
ChIJcWLgNx0pQg0RoIAS0pvS7oM,Manacá Brunch & Coffee Madrid,4.8,527.0,40.4480789,-3.7044197,"cafe, establishment, food, point_of_interest, restaurant, store",,brunch Salamanca Madrid
ChIJMYbQLccpQg0RA3NAOMhVeE0,Helardy,4.8,491.0,40.4278387,-3.6757603,"bakery, cafe, establishment, food, point_of_interest, restaurant, store",,brunch Salamanca Madrid
ChIJjZOovUgpQg0RyOJ_RNLEm1E,FECA Specialty Coffee & Brunch,4.8,757.0,40.435215,-3.6714547,"cafe, establishment, food, point_of_interest, store",,brunch Salamanca Madrid
ChIJPSgSbBgpQg0RtVl70Z8MhoE,[B]-bar specialty coffee & brunch,4.7,306.0,40.4261071,-3.670589799999999,"cafe, establishment, food, point_of_interest, store",,brunch Salamanca Madrid
ChIJeSf0344nQg0RBKTYcjspUic,Billy Brunch & Family,5.0,301.0,40.4089639,-3.7103954,"establishment, food, point_of_interest, restaurant",,brunch La Latina Madrid
ChIJbYoZXvApQg0RREjEMYayo_Q,Roost Chicken La Latina,4.8,1417.0,40.4128286,-3.7136001,"establishment, food, point_of_interest, restaurant",,brunch La Latina Madrid
ChIJXe16X_gpQg0RY9wmGTlszOo,Jimi Brunch,4.5,145.0,40.4129988,-3.710426399999999,"establishment, food, point_of_interest, restaurant",,brunch La Latina Madrid
ChIJ1znLPNcnQg0RdlXHJEfLrGI,AMAZONIA ACAI LA LATINA,4.8,760.0,40.4118213,-3.7073441,"cafe, establishment, food, point_of_interest, restaurant, store",,brunch La Latina Madrid
ChIJ5050mQopQg0RxXOQnPWn_uc,Abuela Herminia - Parrilla y Paellas,4.6,1962.0,40.4135855,-3.711173799999999,"bar, establishment, food, point_of_interest, restaurant",2.0,brunch La Latina Madrid
ChIJI8PjWHQpQg0R6AXiQyXxzoM,Brunchit,4.8,2338.0,40.4133258,-3.6997488,"establishment, food, point_of_interest, restaurant",2.0,brunch La Latina Madrid
ChIJ5xbsZ_wpQg0RAo01OkC8MAk,Brunchit,4.8,1079.0,40.4151153,-3.7062566,"establishment, food, point_of_interest, restaurant",,brunch La Latina Madrid
ChIJC2MnK_4pQg0RVngscN4aE6Y,"chia – Healthy Food, Coffee & Brunch. Bernabeu",4.9,48.0,40.46195,-3.6937632,"establishment, food, point_of_interest, restaurant",,brunch Chamartín Madrid
ChIJFeLy6wopQg0R3RF5OIGLfVY,"Eggocentrico - Brunch, Lunch y Café Especialidad",4.6,800.0,40.4504733,-3.6879979,"bar, cafe, establishment, food, meal_delivery, point_of_interest, restaurant, store",,brunch Chamartín Madrid
ChIJI8HRPZcpQg0R0xqKtjJkovU,ALCHEMY Specialty Coffee & Brunch 3.0,4.5,492.0,40.4738561,-3.6890178,"cafe, establishment, food, point_of_interest, restaurant, store",,brunch Chamartín Madrid
ChIJh4izPzYpQg0RJvFfqjTSEOs,Brunch Society,4.5,222.0,40.4531527,-3.6968969,"cafe, establishment, food, point_of_interest, restaurant, store",,brunch Chamartín Madrid
ChIJQ0okSrkpQg0RvIWxVWgv7Fo,DESTINO COFFEE & KITCHEN | MADRID,4.9,158.0,40.4406605,-3.6730039,"bar, cafe, establishment, food, point_of_interest, restaurant, store",,brunch Chamartín Madrid
ChIJfeOHTcYpQg0R0661lIbqwmk,Botany,4.6,171.0,40.4351791,-3.6795177,"cafe, establishment, food, point_of_interest, restaurant, store",,brunch Chamartín Madrid
ChIJ71B2D7QpQg0Rv1jCQRZ1_tk,Toby's Brunch Club,4.6,478.0,40.4138478,-3.6970203,"cafe, establishment, food, point_of_interest, restaurant, store",,brunch Chamartín Madrid
ChIJl1gb-TApQg0RYpN46BbeXTg,Loft Specialty Coffee & Brunch,4.5,977.0,40.45323,-3.69754,"bar, cafe, establishment, food, point_of_interest, restaurant, store",,brunch Chamartín Madrid
ChIJ7S0WVBApQg0RQcRdYV4wR1A,Vert & Frais,4.9,537.0,40.4664508,-3.6906961,"cafe, establishment, food, meal_takeaway, point_of_interest, restaurant",1.0,brunch Chamartín Madrid
ChIJE3-gKAApQg0Rd_edAJugKI4,Paul | Perú,4.2,93.0,40.46024440000001,-3.6771092,"bakery, cafe, establishment, food, point_of_interest, restaurant, store",,brunch Chamartín Madrid
ChIJfY5G53kpQg0R6c2QpeKUqbY,Casa Palma,4.3,90.0,40.4588601,-3.6820533,"cafe, establishment, food, point_of_interest, store",,brunch Chamartín Madrid
ChIJ065bFdEpQg0RqvzPFve6xGs,Infinito Specialty Coffee & Brunch Bistro,4.5,1419.0,40.4509274,-3.6987996,"bar, cafe, establishment, food, point_of_interest, restaurant, store",,brunch Chamartín Madrid
ChIJvYjPmpMnQg0RGBBC_Qb0X-k,Tia Julia Bar & Brunch,4.7,1018.0,40.4049438,-3.6986644,"bar, establishment, food, point_of_interest, restaurant",1.0,brunch Retiro Madrid
ChIJ5w3xzDsoQg0Rw__RnGwfZEQ,complutense Museum Art Center,4.3,57.0,40.4403019,-3.7290645,"establishment, museum, point_of_interest",,museums Madrid center
ChIJ7blrLikmQg0RzCTFkZRoU9M,Cruce. Arte y pensamiento contemporáneo,4.7,55.0,40.4083374,-3.6958561,"establishment, museum, point_of_interest",,museums Madrid center
ChIJt_n88yqMQQ0RHi4iZVAQ1n0,2nd of May Art Center CA2M Museum,4.2,1535.0,40.3246765,-3.8633232,"establishment, museum, point_of_interest, tourist_attraction",,museums Madrid center
ChIJrT5shX4oQg0Ri2K8Gd_qzlY,Palacio de Gaviria,4.3,2291.0,40.41695929999999,-3.7061112,"establishment, museum, point_of_interest",,museums Madrid center
ChIJ4WP9Ly8mQg0RsCAefrv_8rk,Library Museo Nacional Centro de Arte Reina Sofía,3.7,286.0,40.4074697,-3.6947142,"establishment, library, point_of_interest",,museums Madrid center
ChIJdwBrsnkoQg0RevxP_5FZ-Nc,Centro Sefarad Israel,4.5,505.0,40.4153059,-3.711193,"establishment, point_of_interest, tourist_attraction",,museums Madrid center
ChIJNVLzKTEpQg0RVT1t_AIyqb8,Museo Leonardo Da Vinci Madrid,4.7,69.0,40.4236172,-3.707686099999999,"establishment, museum, point_of_interest",,museums Malasaña Madrid
ChIJmQq_dVopQg0Rbnqz-Zzr2ME,La mirilla de Malasaña,5.0,51.0,40.4249965,-3.7041871,"establishment, point_of_interest",,museums Malasaña Madrid
ChIJxYeg-O4oQg0Rjnq7nU4nHRQ,Museo Nacional de Ciencias Naturales,4.5,13354.0,40.4412381,-3.6901921,"establishment, museum, point_of_interest",,museums Malasaña Madrid
ChIJrWpuK2QoQg0RNy5SsBRnZK0,Museum of Contemporary Art,4.3,847.0,40.4269963,-3.7109397,"establishment, museum, point_of_interest, tourist_attraction",,museums Malasaña Madrid
ChIJWR_4jDUpQg0RnuSrZrMfwHg,Art Museum SOLO Independencia,4.7,273.0,40.4206188,-3.688225,"establishment, museum, point_of_interest, store",,museums Malasaña Madrid
ChIJoZvZCocoQg0RZ7xwTfjKMws,Espacio Fundación Telefónica,4.6,7632.0,40.420392,-3.701774699999999,"establishment, museum, point_of_interest",,museums Chueca Madrid
ChIJxcJqoGomPw0R_QmriWNzG6k,Museo Art Nouveau y Art Déco - Casa Lis,4.5,8302.0,40.9596724,-5.6667852,"establishment, museum, point_of_interest, tourist_attraction",,museums Salamanca Madrid
ChIJMV0-RK4oQg0RrUwT8Bsh0bY,Mint Museum,4.6,3100.0,40.4226314,-3.669189199999999,"establishment, museum, point_of_interest, store, tourist_attraction",,museums Salamanca Madrid
ChIJu4jG7z8mPw0R0W1yhkh0y6Y,Museo de Salamanca,4.6,395.0,40.9617111,-5.667849299999999,"establishment, museum, point_of_interest, tourist_attraction",,museums Salamanca Madrid
ChIJdT2pzbQoQg0RCFp0sGKwxEQ,Museo Taurino de Madrid,4.3,1620.0,40.4329957,-3.6632793,"establishment, museum, point_of_interest, tourist_attraction",,museums Salamanca Madrid
ChIJ-zEig5ooQg0ROT_SF_iirVc,Museum of the National Library,4.4,195.0,40.4238877,-3.6900305,"establishment, library, museum, point_of_interest, tourist_attraction",,museums Salamanca Madrid
ChIJD7Fo07gnQg0RaKERpHY7-TU,Museo de la Felicidad · MÜF,4.4,4672.0,40.40577529999999,-3.7008587,"establishment, museum, point_of_interest, tourist_attraction",,museums Lavapiés Madrid
ChIJGbwZotYnQg0RrGkEmkvbN9M,Museo de Artes y Tradiciones Populares,4.5,641.0,40.4088489,-3.708233099999999,"establishment, museum, point_of_interest, tourist_attraction",,museums Lavapiés Madrid
ChIJI1ebxY4nQg0RaUYPMZzTMAs,IKONO Madrid,4.6,11454.0,40.4089707,-3.6934418,"establishment, museum, point_of_interest, store, tourist_attraction",,museums Lavapiés Madrid
ChIJtz8oDk4nQg0RrVy-tk6ssjQ,Mazmorras De la Inquisición,4.4,18.0,40.4118605,-3.7028791,"establishment, point_of_interest, tourist_attraction",,museums Lavapiés Madrid
ChIJIcwrqaYnQg0RmEIfc8i3w4g,La Panartería,4.9,112.0,40.4075926,-3.7026978,"art_gallery, establishment, point_of_interest",,museums Lavapiés Madrid
ChIJ2YBVcHQnQg0RycCj0gb2Ong,Jardín Edificio Sabatini,4.4,48.0,40.40822259999999,-3.694302,"establishment, museum, point_of_interest",,museums Lavapiés Madrid
ChIJyVp8fl8nQg0R8pnqRy9OCyk,Casamadre,5.0,48.0,40.41032089999999,-3.7004625,"establishment, point_of_interest",,museums Lavapiés Madrid
ChIJMRynodQnQg0RmNkawTs9iw0,Casa de la Vela,4.4,59.0,40.4079827,-3.7040173,"establishment, point_of_interest, tourist_attraction",,museums Lavapiés Madrid
ChIJ1y-vFysmQg0RhCjcfpSqyaY,Lavapies Cultural Center,4.3,224.0,40.40968549999999,-3.7016432,"establishment, point_of_interest",,museums Lavapiés Madrid
ChIJoxb4BI0nQg0RAelGYjElSmg,Los Artistas del Barrio,4.7,284.0,40.4102566,-3.706350699999999,"art_gallery, establishment, point_of_interest, store",,museums Lavapiés Madrid
ChIJRy3DewApQg0Rw9AmfPsyfWQ,Museo de la Luz Madrid,4.2,1052.0,40.4137273,-3.7093773,"establishment, museum, point_of_interest",,museums La Latina Madrid
ChIJxUBI5tcnQg0RLPZScyFzMEk,Teatro Off La Latina,4.5,2786.0,40.412046,-3.711973,"bar, establishment, point_of_interest",,museums La Latina Madrid
ChIJDSNbItYnQg0R_oW1q_iTgIc,Cava Baja Gallery,4.5,74.0,40.4122395,-3.7093502,"art_gallery, establishment, point_of_interest",,museums La Latina Madrid
ChIJS19EnnAnQg0RisC6SbPkVUU,Rastro la latina (puesto de venta de réplicas de viejos ingenios de la historia del mundo),4.4,208.0,40.410839,-3.707476999999999,"establishment, point_of_interest, store",,museums La Latina Madrid
ChIJGwGWcJonQg0R_IIB-utowZ4,Fuente de la Plaza de la Cebada,4.1,30.0,40.4112509,-3.7082405,"establishment, point_of_interest, tourist_attraction",,museums La Latina Madrid
ChIJf1ylgpMnQg0Rb0iUww2b1tc,Bellehouse Art Factory,5.0,1.0,40.4091677,-3.7119689,"establishment, point_of_interest",,museums La Latina Madrid
ChIJxeu3dXgoQg0RUAkcvhmF5rg,Palacio de los Vargas,4.2,21.0,40.4126659,-3.7112947,"establishment, point_of_interest, tourist_attraction",,museums La Latina Madrid
ChIJZce3lL0pQg0RZHjI61ciDXo,MSB Fan Love Experience,5.0,4.0,40.4509294,-3.6891307,"establishment, museum, point_of_interest",,museums Chamartín Madrid
ChIJY223GCQmQg0RmYD_lVWXa2c,National Museum of Anthropology,4.3,4463.0,40.4076434,-3.6889205,"establishment, museum, point_of_interest, tourist_attraction",,museums Retiro Madrid
ChIJkVCUPBopQg0RGvojXvmGPP0,Claustro del Monasterio de los Jerónimos (ampliación del Museo del Prado),4.8,145.0,40.4143377,-3.6910364,"establishment, museum, point_of_interest",,museums Retiro Madrid
ChIJUdrqgRgmQg0R2nGjNn6uw1o,Royal Tapestry Factory,4.4,933.0,40.4061501,-3.6825436,"establishment, museum, point_of_interest, tourist_attraction",,museums Retiro Madrid
ChIJJwHQLlQnQg0RoNakMAwA5Kk,Museo La Neomudéjar,4.4,1114.0,40.4041409,-3.6841916,"establishment, museum, point_of_interest",,museums Retiro Madrid
ChIJk-lQxyYmQg0RWsAuS07ov_Y,Royal Observatory of Madrid,4.7,842.0,40.40843479999999,-3.6876145,"establishment, museum, point_of_interest, tourist_attraction",,museums Retiro Madrid
ChIJzzyMF68pQg0RcDIbWuo2d6c,Arma Gallery,4.9,24.0,40.4225521,-3.7014389,"art_gallery, establishment, point_of_interest",,art museums Malasaña Madrid
ChIJj7EyRCwpQg0R7bNsPCT1lIY,La Gran Vía Cultural de Madrid,4.9,125.0,40.4194705,-3.6990859,"art_gallery, establishment, point_of_interest",,art museums Malasaña Madrid
ChIJa97YyGIoQg0R7WvIRCfFpL0,Sabrina Amrani,4.8,21.0,40.423502,-3.704431,"art_gallery, establishment, point_of_interest",,art museums Malasaña Madrid
ChIJ18hLoNkpQg0RSvWFQgXhyGw,Rover Art Gallery,5.0,31.0,40.4319982,-3.7057125,"art_gallery, establishment, point_of_interest",,art museums Malasaña Madrid
ChIJJQ2LgEApQg0RG7sFOTkq16s,MXM GALERIA,4.9,36.0,40.4250446,-3.7036518,"art_gallery, establishment, point_of_interest",,art museums Malasaña Madrid
ChIJ4_b0WvcpQg0RqklNyr7oWkk,Galeria La Cometa,4.9,20.0,40.4250842,-3.698797,"art_gallery, establishment, point_of_interest",,art museums Malasaña Madrid
ChIJkzlptLYpQg0RyACa3fIMwTU,Basket of Nean,5.0,2.0,40.4214675,-3.6987588,"establishment, museum, point_of_interest",,art museums Malasaña Madrid
ChIJU37BHQUpQg0R2wgoFJDGfQ4,Espacio Mados,4.8,57.0,40.4233483,-3.6940492,"art_gallery, establishment, point_of_interest",,art museums Chueca Madrid
ChIJ6WHYX5MpQg0RIchaEzltx2c,Ipso Facto Studio,5.0,3.0,40.4234345,-3.6975489,"art_gallery, establishment, point_of_interest",,art museums Chueca Madrid
ChIJCXxklIspQg0R-4oKc4YzEjk,ArtDrunk Gallery,5.0,1.0,40.4228525,-3.6977122,"art_gallery, establishment, point_of_interest",,art museums Chueca Madrid
ChIJPey8tVcpQg0RooOTw-KKj3M,Galería Yusto/Giner,4.9,21.0,40.4226976,-3.6957256,"art_gallery, establishment, point_of_interest",,art museums Chueca Madrid
ChIJrWUKUqEpQg0RD5fbmNufpkY,Gerhardt Braun Gallery,4.9,35.0,40.4293784,-3.6858627,"art_gallery, establishment, point_of_interest",,art museums Salamanca Madrid
ChIJ5YZXSr4oQg0Rez8GpUlVmrk,Fundación Juan March,4.6,4585.0,40.4311763,-3.6812725,"establishment, museum, point_of_interest",,art museums Salamanca Madrid
ChIJvdXgW7IpQg0Rf0W5tZ3noiY,Opera Gallery,4.7,120.0,40.4283116,-3.6870916,"art_gallery, establishment, point_of_interest",,art museums Salamanca Madrid
ChIJxf5eSpgoQg0RgMORyrON-S0,Galeria de Arte Fernández-Braso,4.3,55.0,40.4222414,-3.6850431,"art_gallery, establishment, point_of_interest",,art museums Salamanca Madrid
ChIJBaLtJJQoQg0R1NTeaPfzzxE,Galería Guillermo de Osma,4.7,54.0,40.4208538,-3.687013,"art_gallery, establishment, museum, point_of_interest, tourist_attraction",,art museums Salamanca Madrid
ChIJwZrKapgoQg0RCJ29DG9I7QA,Concha Barrios Gallery,5.0,4.0,40.422394,-3.683794999999999,"art_gallery, establishment, point_of_interest",,art museums Salamanca Madrid
ChIJpTyi-7UpQg0RksWpohVgts8,Galería Fernando Pradilla,4.6,52.0,40.4229033,-3.6867688,"art_gallery, establishment, point_of_interest, store, tourist_attraction",,art museums Salamanca Madrid
ChIJ87qpxJQoQg0R96bJU_7BBPo,Foundation Manuel Benedito,4.5,94.0,40.4327995,-3.686051,"establishment, museum, point_of_interest",,art museums Salamanca Madrid
ChIJD2FJfpgpQg0Rvzyo3gEci5Q,Havet Gallery,4.8,5.0,40.4310366,-3.6833879,"art_gallery, establishment, point_of_interest",,art museums Salamanca Madrid
ChIJ1Q-y-JUoQg0RPAVaH1AGgro,Galería Herraiz,4.6,74.0,40.4291331,-3.68265,"art_gallery, establishment, point_of_interest",,art museums Salamanca Madrid
ChIJ5QDNeNApQg0R4qxowKMeLa4,Galería Sara Caso Art Club,4.4,149.0,40.4308334,-3.6737121,"art_gallery, establishment, point_of_interest",,art museums Salamanca Madrid
ChIJNQhnlDUpQg0R2cPYmdRAHDY,Galería Sara Caso. Arte contemporáneo. Enmarcación Madrid.,4.6,179.0,40.4308312,-3.6737413,"art_gallery, bar, cafe, establishment, food, point_of_interest, store",,art museums Salamanca Madrid
ChIJQdsvKQAnQg0RhhrUiY9XfLE,Abierto THEREDOOM,4.4,67.0,40.40860139999999,-3.6959391,"art_gallery, establishment, point_of_interest",,art museums Lavapiés Madrid
ChIJz7lhuugnQg0Rj90_vaeCmjw,Museo Banksy Madrid,4.7,3341.0,40.4037381,-3.7061956,"establishment, museum, point_of_interest",,art museums Lavapiés Madrid
ChIJaZW8MykmQg0RJpUqdCvhtp0,Helga de Alvear gallery,4.6,71.0,40.4083129,-3.6961721,"art_gallery, establishment, point_of_interest, tourist_attraction",,art museums Lavapiés Madrid
ChIJ_bkLkJAnQg0RcgsmHJGrDGE,DDR Art Gallery,5.0,6.0,40.4106235,-3.7062283,"art_gallery, establishment, point_of_interest, store",,art museums Lavapiés Madrid
ChIJn3MzcCkmQg0RlKXvM_aKw68,Contemporary Sculpture Collection Renfe,5.0,2.0,40.4098221,-3.6969349,"establishment, museum, point_of_interest",,art museums Lavapiés Madrid
ChIJIyLXwiwmQg0Rd8qDYFd3hBw,Swinton,4.8,73.0,40.405967,-3.7017283,"art_gallery, establishment, point_of_interest",,art museums Lavapiés Madrid
ChIJxbqmNIQoQg0RvrHPKy-hCAA,Malvin Gallery - Galería de arte,4.7,18.0,40.4112108,-3.694378,"art_gallery, establishment, point_of_interest",,art museums Lavapiés Madrid
ChIJ9aGEdX8oQg0Rxxwnh4bb_oA,Imprenta Municipal - Artes del Libro,4.6,1024.0,40.4138901,-3.7054749,"establishment, museum, point_of_interest",,art museums Lavapiés Madrid
ChIJuRi_C4IpQg0RFkz555AYL3U,Corvus Blanc Art Gallery,5.0,15.0,40.4136757,-3.6970507,"art_gallery, establishment, point_of_interest",,art museums Lavapiés Madrid
ChIJRxUukgonQg0RgdjCaUqgGdI,Monat Gallery,4.2,115.0,40.4117969,-3.7072181,"art_gallery, establishment, point_of_interest",,art museums Lavapiés Madrid
ChIJQ1sIgtspQg0Rx2ShOWYlvFY,Galería de las Colecciones Reales,4.6,5607.0,40.4161729,-3.7154885,"establishment, museum, point_of_interest",,art museums La Latina Madrid
ChIJATU5W2wpQg0RLqGrsHzFPAY,Underground Madrid Art Gallery,5.0,1.0,40.4129338,-3.7076875,"art_gallery, establishment, point_of_interest",,art museums La Latina Madrid
ChIJEZt4EQAnQg0RS-J7Nh73W-E,El Moderno Gallery,4.9,86.0,40.4118042,-3.7103632,"establishment, point_of_interest, store",,art museums La Latina Madrid
ChIJkQscOwAnQg0R2mIbxfKXris,Espacio La Cabina,5.0,17.0,40.4120583,-3.7092416,"establishment, point_of_interest",,art museums La Latina Madrid
ChIJfxl09-8oQg0RUHVIFkRo49E,La Arquería de Nuevos Ministerios,4.3,315.0,40.4435859,-3.6920577,"art_gallery, establishment, point_of_interest, tourist_attraction",,art museums Chamartín Madrid
ChIJk6TXOZkpQg0Rt4KOhA-kptI,Sama Art Gallery,5.0,4.0,40.4420027,-3.6986762,"art_gallery, establishment, point_of_interest",,art museums Chamartín Madrid
ChIJ37IlBr0oQg0R7_RDTebdH5s,Álvaro Alcázar Gallery,4.9,59.0,40.4481981,-3.6691074,"art_gallery, establishment, point_of_interest",,art museums Chamartín Madrid
ChIJ-6Ouc2MpQg0RB89osm2QIkA,Galería de Arte Michels de Champourcin,5.0,1.0,40.4581283,-3.6907625,"art_gallery, establishment, point_of_interest",,art museums Chamartín Madrid
ChIJ74ZFoUUoQg0RgF0wUI0uQEU,emotion artgallery,5.0,8.0,40.4413729,-3.6704739,"art_gallery, establishment, point_of_interest",,art museums Chamartín Madrid
ChIJZWfUUT0pQg0RI2c8rSMJyNY,LA ZONA GALLERY,4.8,94.0,40.44337669999999,-3.6954418,"art_gallery, establishment, point_of_interest",,art museums Chamartín Madrid
ChIJt9buJTspQg0R48mtON_FUhs,Artist 360 - Feria de Arte Contemporáneo,4.0,19.0,40.4689291,-3.6740104,"establishment, point_of_interest",,art museums Chamartín Madrid
ChIJ0aPmVJooQg0RZDwUg5UAQAU,Galería de Arte Luis Burgos,4.1,14.0,40.4491683,-3.6785984,"art_gallery, establishment, point_of_interest",,art museums Chamartín Madrid
ChIJPR-71O0oQg0RtAL5yYqM5Go,OCCO Art Gallery,4.8,70.0,40.4129272,-3.6896345,"art_gallery, establishment, point_of_interest",,art museums Retiro Madrid
ChIJLZAbwa0nQg0RA0TnTUmNd2E,Espacio Cultural Abierto,4.8,27.0,40.4084442,-3.6894834,"art_gallery, establishment, point_of_interest",,art museums Retiro Madrid
ChIJn_JGeycmQg0RoBt41lxcYAc,ARS Historical Archeology,5.0,23.0,40.4130175,-3.689754,"art_gallery, establishment, point_of_interest",,art museums Retiro Madrid
ChIJtTL6p5woQg0RXhg5xRk1eR4,Galería de Cristal,4.4,97.0,40.4186409,-3.6916299,"art_gallery, establishment, point_of_interest",,art museums Retiro Madrid
ChIJF6p8N7kpQg0RQn_2CATSZ-8,INDIA. PINTURAS DEL SAN DIEGO MUSEUM OF ART,4.3,3.0,40.4189339,-3.6921521,"establishment, point_of_interest",,art museums Retiro Madrid
ChIJVRM2bwImQg0Re_AMhbbsz4o,"Crowne Plaza Madrid Centre Retiro, an IHG Hotel",4.2,5163.0,40.4130323,-3.669223,"bar, establishment, food, gym, health, lodging, point_of_interest, restaurant",,hotels Madrid center
ChIJXV7VnaspQg0R8I593_JWESA,Hotel Negresco Gran Vía Madrid,4.1,493.0,40.4196031,-3.704204,"establishment, lodging, point_of_interest",,hotels Madrid center
ChIJB7pdV34oQg0RBPl9sest4IA,Hostal Madrid,4.5,1466.0,40.416048,-3.705202899999999,"establishment, lodging, point_of_interest",,hotels Madrid center
ChIJI4GFxNspQg0RYzZXxlaFRRk,Gran View Apartments,4.2,615.0,40.4208243,-3.7064479,"establishment, lodging, point_of_interest",,hotels Madrid center
ChIJPx2oU4coQg0Rd5L_R_4CYbw,Hotel Ateneo Puerta del Sol,4.2,665.0,40.4182378,-3.7024151,"establishment, lodging, point_of_interest",,hotels Madrid center
ChIJUze7j34oQg0RSV9N7qnYV6Y,TOC Hostel Madrid,4.3,2099.0,40.4172139,-3.7058719,"establishment, lodging, point_of_interest",,hotels Madrid center
ChIJ4TGEriomQg0RwA9qG8GIWKU,Hostal Sol Square,4.3,287.0,40.4135137,-3.7023343,"establishment, lodging, point_of_interest",,hotels Madrid center
ChIJoyEjwXwoQg0RuNeCi5w9M60,Hospedium Hotel Los Condes,4.3,1506.0,40.42193109999999,-3.706583799999999,"establishment, lodging, point_of_interest",,hotels Madrid center
ChIJ5yZxe4AoQg0RMkn0eD02Z0M,JQC Rooms,3.6,572.0,40.4148832,-3.7024757,"establishment, lodging, point_of_interest",,hotels Madrid center
ChIJN2TYD3woQg0R3DZ9HpI3jXo,Líbere Madrid Palacio Real,4.4,657.0,40.4185814,-3.7073436,"establishment, lodging, point_of_interest",,hotels Madrid center
ChIJb73Els0pQg0R8BXnRV33Rf0,Center Madrid habitaciones,2.5,84.0,40.4224527,-3.704016,"establishment, lodging, point_of_interest",,hotels Madrid center
ChIJtZLzJYAoQg0RxAoxfRlTuzI,Hostal Evoke Madrid,4.7,257.0,40.41332999999999,-3.70102,"establishment, lodging, point_of_interest",,hotels Madrid center
ChIJU9-luLYpQg0RP5Y1d4iC10c,Leonardo Hotel Madrid City Center,4.3,3142.0,40.4302141,-3.7085214,"establishment, food, lodging, point_of_interest, restaurant",,hotels Madrid center
ChIJY8eHFIEoQg0RsvQ5vjBX-Vw,Hostal Astoria,4.2,493.0,40.4164749,-3.6992825,"establishment, lodging, point_of_interest",,hotels Madrid center
ChIJw7OphmIoQg0RPNNYtpguKzE,CC Malasaña,4.0,580.0,40.4253885,-3.7031861,"establishment, lodging, point_of_interest",,hotels Malasaña Madrid
ChIJ05SkJmMoQg0RG5MAFnHBd3Y,Abalu - Design & boutique Gran Vía,3.7,768.0,40.4238695,-3.7058351,"cafe, establishment, food, lodging, point_of_interest, store",,hotels Malasaña Madrid
ChIJo68pPWMoQg0RAgjdOfIY5mc,Ab design suites madrid,3.3,214.0,40.4240837,-3.7060992,"establishment, lodging, point_of_interest",,hotels Malasaña Madrid
ChIJ74YYRn0pQg0RDmqAkprerhc,Gran Central Suites,4.2,327.0,40.4245474,-3.706012599999999,"establishment, lodging, point_of_interest",,hotels Malasaña Madrid
ChIJeeIvF4EoQg0R2TpTuHaOSPc,Casual del Teatro Madrid,4.3,1533.0,40.4164019,-3.6995696,"establishment, lodging, point_of_interest",,hotels Malasaña Madrid
ChIJX2141T0pQg0RAROMkHpOBr4,URBAN INN MADRID,4.0,257.0,40.4231968,-3.7082107,"establishment, lodging, point_of_interest",,hotels Malasaña Madrid
ChIJ6f8YLGMoQg0RoaQqd1MMSgk,Hotel Life gran vía,3.7,669.0,40.4231735,-3.7057658,"establishment, lodging, point_of_interest",,hotels Malasaña Madrid
ChIJYRdvSHsoQg0RzLTtLwICYS0,Hotel Vincci Via 66,4.4,2575.0,40.4224291,-3.7088915,"establishment, lodging, point_of_interest",,hotels Malasaña Madrid
ChIJE6AOOnsoQg0RbFZ1enKVMYs,Grupotel Mayorazgo,4.4,5061.0,40.4221209,-3.7095924,"establishment, lodging, point_of_interest",,hotels Malasaña Madrid
ChIJ-YE9F4coQg0RrrOWmiJshNE,El Hostall,4.3,417.0,40.4195301,-3.701111,"establishment, lodging, point_of_interest",,hotels Malasaña Madrid
ChIJTwnQ4qUpQg0RqPRWFnshYg0,Arenal Suites Gran Via,4.7,63.0,40.4212478,-3.7062698,"establishment, lodging, point_of_interest",,hotels Malasaña Madrid
ChIJrw65LXsoQg0RUvlNIi6E3D8,Espahotel Gran Vía,4.2,1750.0,40.4226029,-3.7099818,"establishment, lodging, point_of_interest",,hotels Malasaña Madrid
ChIJAQDUrIAoQg0RFIcrTDJ1xkA,Madridcito B&B,4.5,154.0,40.4180078,-3.7025435,"establishment, lodging, point_of_interest",,hotels Malasaña Madrid
ChIJZ8eJ5H4oQg0R0heaT0LUcx4,Petit Palace Chueca,4.4,1679.0,40.420354,-3.7011024,"establishment, food, lodging, point_of_interest, restaurant",,hotels Chueca Madrid
ChIJz271F4QoQg0Rj7DZUDQ7UNE,The Principal Madrid Hotel,4.5,1856.0,40.4193064,-3.6972346,"establishment, lodging, point_of_interest",,hotels Chueca Madrid
ChIJ3_0ZmYUoQg0REPut3yCZGR8,Only YOU Boutique Hotel,4.6,2951.0,40.42225579999999,-3.6957491,"establishment, lodging, point_of_interest",,hotels Chueca Madrid
ChIJ31EojoUoQg0RsSpJEm1LMd8,Hostal Casa Boutique,3.9,186.0,40.4227196,-3.6960881,"establishment, lodging, point_of_interest",,hotels Chueca Madrid
ChIJh8s9fIgoQg0Ri8S351DsSUQ,B&B HOTEL Madrid Centro Fuencarral 52,4.6,1613.0,40.423513,-3.7005735,"establishment, lodging, point_of_interest",,hotels Chueca Madrid
ChIJa727K4AoQg0RuWRcOWl_3Us,Axel Hotel Madrid,4.4,2633.0,40.4131709,-3.700578,"establishment, lodging, point_of_interest",,hotels Chueca Madrid
ChIJH_5J_YYoQg0RQx9gOtq4IfY,H10 Villa de la Reina Boutique Hotel,4.5,1627.0,40.4200443,-3.7002792,"establishment, lodging, point_of_interest",,hotels Chueca Madrid
ChIJ37Gv60YpQg0RE8NCz2NYax8,Woohoo Rooms Chueca,4.2,285.0,40.4207667,-3.6983834,"establishment, lodging, point_of_interest",,hotels Chueca Madrid
ChIJ3_VsMIQoQg0RRIAmIZ2p-88,Hotel Infantas by Mij,4.3,891.0,40.4201069,-3.6970542,"establishment, lodging, point_of_interest",,hotels Chueca Madrid
ChIJ98u1Yn0oQg0RsZnkkwMIrsg,The Walt Madrid,4.1,371.0,40.4211598,-3.702924,"establishment, lodging, point_of_interest",,hotels Chueca Madrid
ChIJObeBgRMpQg0RnCBmL44-3s0,Brach Madrid - Hôtel Evok Collection,4.7,135.0,40.4200581,-3.7000627,"establishment, lodging, point_of_interest",,hotels Chueca Madrid
ChIJnWIkMoYoQg0RW2sgGsr5-ok,Madrid SmartRentals Chueca II,3.7,422.0,40.42250980000001,-3.700000999999999,"establishment, lodging, point_of_interest",,hotels Chueca Madrid
ChIJEaRZBYcoQg0RIFw0kdxNO9U,Hotel NH Collection Madrid Gran Vía,4.7,1880.0,40.4198756,-3.7013733,"establishment, lodging, point_of_interest",,hotels Chueca Madrid
ChIJ21kIgaopQg0R6wJiGEcF94Q,UMusic Hotel Madrid,4.6,1364.0,40.4153449,-3.7041017,"establishment, lodging, point_of_interest",,hotels Chueca Madrid
ChIJSw7zB-soQg0RyQ53Zb4ozt8,Hotel Suites Barrio De Salamanca,4.4,418.0,40.4363629,-3.6857229,"establishment, lodging, point_of_interest",,hotels Salamanca Madrid
ChIJk6EqHQApQg0RXojXaY0ibY0,Casa Faraona,4.7,55.0,40.4207411,-3.6890392,"establishment, lodging, point_of_interest",,hotels Salamanca Madrid
ChIJXf7FfpcoQg0Ryp4nK6mgfw0,ICON Wipton,4.5,678.0,40.4240272,-3.6854174,"establishment, food, lodging, point_of_interest, restaurant",,hotels Salamanca Madrid
ChIJEWwvfpQoQg0RDgPU0skzxyE,Hotel Serrano,4.2,538.0,40.4310378,-3.6874355,"establishment, lodging, point_of_interest",,hotels Salamanca Madrid
ChIJv2lEjJMoQg0RK7Lwq40XKPs,Rosewood Villa Magna,4.5,2940.0,40.4299515,-3.688152499999999,"establishment, food, gym, health, lodging, point_of_interest, restaurant, spa",,hotels Salamanca Madrid
ChIJE2JOkrQoQg0Rz3_F_5VT1qU,ibis Madrid Centro las Ventas,4.3,2785.0,40.4305943,-3.6643197,"establishment, lodging, point_of_interest",,hotels Salamanca Madrid
ChIJJztR5pAoQg0RY8KgscxwWh8,Hotel NH Collection Madrid Colón,4.6,1729.0,40.42607599999999,-3.68907,"establishment, lodging, point_of_interest",,hotels Salamanca Madrid
ChIJKx2O1-kpQg0Ri3pfR_waD4w,Boutique Urban Madrid Serrano,2.7,831.0,40.4348866,-3.6850672,"establishment, lodging, point_of_interest",,hotels Salamanca Madrid
ChIJebMBrI8pQg0RrYwzYAAz9GI,BLESS Hotel Madrid,4.5,1544.0,40.4281561,-3.6836653,"establishment, lodging, point_of_interest",,hotels Salamanca Madrid
ChIJu5GwH8YoQg0RlpW-RaREiv0,AC Hotel Avenida de America,4.3,2032.0,40.4380379,-3.6726858,"establishment, lodging, point_of_interest",,hotels Salamanca Madrid
ChIJTY-D_JYoQg0Rf8DYGuCNl00,Tótem Madrid Hotel,4.4,619.0,40.4265297,-3.6854561,"establishment, lodging, point_of_interest",,hotels Salamanca Madrid
ChIJl3KRZr0oQg0Rh3ZPNk-D5Ow,Hotel Catalonia Goya,4.4,1375.0,40.4252539,-3.6821996,"establishment, lodging, point_of_interest",,hotels Salamanca Madrid
ChIJDwAbC68oQg0RPprMWIWGHeg,Novotel Madrid Center,4.4,9677.0,40.4216398,-3.6722838,"establishment, lodging, point_of_interest",,hotels Salamanca Madrid
ChIJaQ5XRIUoQg0RuPYQ7C-bvgM,60 Balconies Design,4.8,118.0,40.4225488,-3.6935666,"establishment, lodging, point_of_interest",,hotels Salamanca Madrid
ChIJtYDFnpYoQg0RxCiQnrXRZcc,Hotel Único Madrid,4.6,564.0,40.428537,-3.6863313,"establishment, food, lodging, point_of_interest, restaurant",,hotels Salamanca Madrid
ChIJTQFelsAoQg0RboXkdXKdmJ8,Heritage Madrid Hotel,4.6,408.0,40.434877,-3.6789438,"establishment, lodging, point_of_interest",,hotels Salamanca Madrid
ChIJlc5g75MoQg0RuizDiLuqgL4,Petit Palace President Castellana,4.0,1628.0,40.4292357,-3.688395499999999,"establishment, lodging, point_of_interest",,hotels Salamanca Madrid
ChIJuSsEBOsoQg0RuplEYvWcBJo,RESA Claudio Coello Student Residence,4.4,290.0,40.4359998,-3.6856189,"establishment, lodging, point_of_interest",,hotels Salamanca Madrid
ChIJO_wsZH4oQg0RLvCVFpy4CtQ,Hotel Moderno,4.4,2321.0,40.4170417,-3.7048905,"establishment, lodging, point_of_interest",,hotels Salamanca Madrid
ChIJx-CxnysmQg0R9xK2roEA5C4,Hotel Lavapiés,2.4,157.0,40.4089224,-3.700047,"establishment, lodging, point_of_interest",,hotels Lavapiés Madrid
ChIJPbNu6QInQg0R44obNG8akDM,Modular Rooms Hotels,4.0,309.0,40.4118145,-3.7047978,"establishment, lodging, point_of_interest",,hotels Lavapiés Madrid
ChIJeW0u0-onQg0RiPj2-JbhM1U,4 Bears Sharehome,4.8,201.0,40.4112408,-3.704029999999999,"establishment, lodging, point_of_interest",,hotels Lavapiés Madrid
ChIJjSaUBCYmQg0RddzBAX1HpyU,Mediodía Hotel,4.2,3817.0,40.4084225,-3.6930039,"establishment, lodging, point_of_interest",,hotels Lavapiés Madrid
ChIJF40-7k0nQg0ReH0L6g0kStQ,ibis budget Madrid Centro Lavapies,4.0,1415.0,40.4079211,-3.700754099999999,"establishment, lodging, point_of_interest",,hotels Lavapiés Madrid
ChIJ0xiuhLMnQg0RMR1iB_fB_BQ,Madrid Downtown Hostel,3.3,482.0,40.412322,-3.699991,"establishment, lodging, point_of_interest",,hotels Lavapiés Madrid
ChIJh58131QnQg0R7TrG6lVR2o4,Lai Hostel,3.4,129.0,40.4078886,-3.6966033,"establishment, lodging, point_of_interest",,hotels Lavapiés Madrid
ChIJK7aUbh8nQg0RB5nYewespJU,Alma Suites Madrid,4.6,10.0,40.4108857,-3.7014533,"establishment, lodging, point_of_interest",,hotels Lavapiés Madrid
ChIJjVi9itsnQg0RADvUxj7MIDU,Casa du Soleil Hostal Boutique,4.8,230.0,40.4115543,-3.7034242,"establishment, lodging, point_of_interest",,hotels Lavapiés Madrid
ChIJ9QiuRi8mQg0RvWF5ON-uH0o,Hostal Rivera,3.0,250.0,40.4070522,-3.6940195,"establishment, lodging, point_of_interest",,hotels Lavapiés Madrid
ChIJOylzYywmQg0R2ZrvXS5Z5lw,Hotel Artrip,4.7,489.0,40.4071731,-3.7000166,"establishment, lodging, point_of_interest",,hotels Lavapiés Madrid
ChIJuWgQbyomQg0RSFuBNDQNIs8,HotelFreedom,3.7,294.0,40.4121493,-3.6996134,"establishment, lodging, point_of_interest",,hotels Lavapiés Madrid
ChIJ48-mQpUnQg0Rq2Kyhs3AbJs,Alexa Host Juanelo,4.8,41.0,40.4111033,-3.7057917,"establishment, lodging, point_of_interest",,hotels Lavapiés Madrid
ChIJ31BiJoAoQg0RSJAcPHGp0YY,Sixrooms Plaza Mayor,4.0,274.0,40.4116539,-3.7035419,"establishment, lodging, point_of_interest",,hotels Lavapiés Madrid
ChIJT-T1hSomQg0RrB5xP_s2Gxw,Pensión Magdalena,3.3,338.0,40.4122356,-3.7007545,"establishment, lodging, point_of_interest",,hotels Lavapiés Madrid
ChIJdw5jB4YnQg0RqJ9Ux-sJI0s,Colectia Stays Atocha,4.5,424.0,40.4095261,-3.6938362,"establishment, lodging, point_of_interest",,hotels Lavapiés Madrid
ChIJc6JPq60nQg0RlMsnOl2ULG0,BYPILLOW Crosstown,4.4,283.0,40.4114759,-3.704084,"establishment, lodging, point_of_interest",,hotels Lavapiés Madrid
ChIJAzh7XgAnQg0RGbbw7GokT4I,Good Stay Rooms,1.7,15.0,40.4107104,-3.7066941,"establishment, lodging, point_of_interest",,hotels Lavapiés Madrid
ChIJB5roE9cnQg0RLf-b4wWjAd0,L & H Latina,4.3,1059.0,40.4091406,-3.7114778,"establishment, lodging, point_of_interest",,hotels La Latina Madrid
ChIJ-_tlr3goQg0R1wC7VqTxtd8,Posada del León de Oro,4.2,1570.0,40.4131927,-3.7085394,"establishment, lodging, point_of_interest",,hotels La Latina Madrid
ChIJ-_tlr3goQg0RJLq1R8E3Iuc,Posada Del Dragón,4.3,1340.0,40.4131012,-3.7086039,"clothing_store, establishment, lodging, point_of_interest, store",,hotels La Latina Madrid
ChIJW3dr574nQg0RiCNMdc5r1eA,Petit Hostel La Latina,4.2,1022.0,40.4088307,-3.7170986,"establishment, lodging, point_of_interest",,hotels La Latina Madrid
ChIJqRkteTopQg0RmRaEUTgVrqI,Plaza Mayor Suites & Apartments,4.6,355.0,40.4142594,-3.7064735,"establishment, lodging, point_of_interest",,hotels La Latina Madrid
ChIJZz4BJ9cnQg0RaitkNuR-WYY,Hotel Porcel Ganivet,4.3,2850.0,40.4082199,-3.7107676,"establishment, lodging, point_of_interest",,hotels La Latina Madrid
ChIJ95Fj3t0nQg0RQ4IVfNPvSf8,Hotel NH Madrid Ribera del Manzanares,4.5,4671.0,40.40634,-3.721825999999999,"establishment, lodging, point_of_interest",,hotels La Latina Madrid
ChIJBwX8j38oQg0RhHboxTGCo6o,Hotel Mayerling Madrid - WEB OFICIAL,4.4,635.0,40.4134985,-3.7049219,"establishment, lodging, point_of_interest",,hotels La Latina Madrid
ChIJ0zrrvtAnQg0R_C3xL4ud13Y,Hotel Puerta de Toledo,4.3,4125.0,40.4063206,-3.7122787,"establishment, lodging, point_of_interest",,hotels La Latina Madrid
ChIJHfCvJH8oQg0RSp3tAOM6DEY,Pestana Collection Plaza Mayor,4.6,1217.0,40.41478499999999,-3.707186,"establishment, gym, health, lodging, point_of_interest, spa",,hotels La Latina Madrid
ChIJk-pL9H8oQg0RQuqpQCZ-WCU,Hotel Eurostars Plaza Mayor,4.2,1751.0,40.4130792,-3.703986,"establishment, lodging, point_of_interest",,hotels La Latina Madrid
ChIJ_zNq3X4oQg0Rv-YnDM8k4Xo,B&B Hotel Madrid Centro Plaza Mayor,4.4,1949.0,40.4146193,-3.705511,"establishment, lodging, point_of_interest",,hotels La Latina Madrid
ChIJc0BAY0knQg0R8RhVv9ljxWU,Hostel MYD Latina,3.2,496.0,40.4072717,-3.7067474,"establishment, lodging, point_of_interest",,hotels La Latina Madrid
ChIJG5FiLrUpQg0R_QwhiZBwUIE,Hotel Chamartín The One,4.0,6853.0,40.472278,-3.6832466,"establishment, lodging, point_of_interest",,hotels Chamartín Madrid
ChIJHWC9wmopQg0RU3R_jANR3sM,Hotel Madrid Chamartín Affiliated by Meliá,4.0,3443.0,40.4719214,-3.6847089,"establishment, lodging, point_of_interest",,hotels Chamartín Madrid
ChIJ6--Oo08pQg0RlTt4bZ3CU8s,Hotel Mirador de Chamartin,4.1,1969.0,40.48294,-3.6708937,"establishment, food, lodging, point_of_interest, restaurant",,hotels Chamartín Madrid
ChIJD8DoFjopQg0RabJce_HxfNQ,Hotel ILUNION Pío XII,4.2,4760.0,40.4689299,-3.6740122,"establishment, food, lodging, point_of_interest, restaurant",,hotels Chamartín Madrid
ChIJiZ_tG9AoQg0R3v2zFxeuKKk,A&Z Luis Cabrera - Auto Checkin Property,2.2,149.0,40.4447495,-3.6715735,"establishment, lodging, point_of_interest",,hotels Chamartín Madrid
ChIJmSheIyApQg0RrfUwVaiovZg,Hotel NH Madrid Paseo de La Habana,4.1,2443.0,40.455815,-3.681823999999999,"establishment, lodging, point_of_interest",,hotels Chamartín Madrid
ChIJc0UGD6wvQg0RSP0kMOO6AmM,AYZ Ulises - Auto check-in property,3.3,1047.0,40.4574324,-3.652886499999999,"establishment, lodging, point_of_interest",,hotels Chamartín Madrid
ChIJU_az7gUpQg0RReHK6xMxh-M,"""Érase un Hotel""",4.5,5583.0,40.4629322,-3.6967474,"establishment, lodging, point_of_interest",,hotels Chamartín Madrid
ChIJnxQQJwApQg0RRXFefANFYtc,Eurobuilding,4.6,36.0,40.4584396,-3.6866086,"establishment, lodging, point_of_interest",,hotels Chamartín Madrid
ChIJ5WaNZVYoQg0RJSFUDafhv3M,Tierra Blanca,4.9,20.0,40.447571,-3.704841,"establishment, lodging, point_of_interest",,hotels Chamartín Madrid
ChIJOS4dpFMpQg0RjHO3LfGs7aU,Hostel Thirty One,2.1,358.0,40.4423091,-3.6720886,"establishment, lodging, point_of_interest",,hotels Chamartín Madrid
ChIJtX2O-TopQg0RwbzxSQ5Zvxo,Posada de el Chaflán,3.2,1221.0,40.4668563,-3.674274699999999,"establishment, food, lodging, point_of_interest, restaurant",3.0,hotels Chamartín Madrid
ChIJpTqW8cMoQg0R6M9rt-wtqZc,Hostal Madrid Paradise,2.8,155.0,40.43999609999999,-3.6780638,"establishment, lodging, point_of_interest",,hotels Chamartín Madrid
ChIJezMvybkvQg0RPTBSdV3MyrA,AYZ Villegas - Auto check-in property,3.6,940.0,40.4650888,-3.6487814,"establishment, lodging, point_of_interest",,hotels Chamartín Madrid
ChIJ-wngCGspQg0RwE7bztNw89E,Eurostars Madrid Tower,4.4,7212.0,40.4766477,-3.6877681,"establishment, lodging, point_of_interest",,hotels Chamartín Madrid
ChIJFRBbmMYoQg0REwsllHm0GAA,Hotel Rooms Madrid América | Habitaciones por horas con jacuzzi,4.0,751.0,40.4386825,-3.6761885,"establishment, lodging, point_of_interest",,hotels Chamartín Madrid
ChIJ64tvTAApQg0R70zv0GGMZpg,Iconic Suites,4.8,61.0,40.44321559999999,-3.6745218,"establishment, lodging, point_of_interest",,hotels Chamartín Madrid
ChIJv7UPPQApQg0RBeOUYEpJppY,Far Home Bernabeu,4.4,1803.0,40.4544605,-3.7013498,"establishment, lodging, point_of_interest",,hotels Chamartín Madrid
ChIJxZdO-44pQg0RzCTQeffIMkA,Limehome Madrid Hurtado de Mendoza,3.8,48.0,40.4608266,-3.6887818,"establishment, lodging, point_of_interest",,hotels Chamartín Madrid
ChIJDalwt48pQg0Rt9_DWKaUKoo,The Westin Madrid Cuzco,4.6,302.0,40.4587705,-3.6911281,"establishment, lodging, point_of_interest",,hotels Chamartín Madrid
ChIJXweQ4ggnQg0RcMSAUMnfB8g,H-A Hotel Retiro Suites,3.8,90.0,40.41371700000001,-3.673971,"establishment, lodging, point_of_interest",,hotels Retiro Madrid
ChIJTdYsuWInQg0RZF53U_h7Rac,Senda Hostel Retiro - Rentitup,4.4,69.0,40.4032262,-3.676443,"establishment, lodging, point_of_interest",,hotels Retiro Madrid
ChIJ8aKaaAImQg0R1wqkzYFkHMQ,voco Madrid - Retiro by IHG,4.6,677.0,40.4133419,-3.6680111,"establishment, food, gym, health, lodging, point_of_interest, restaurant",,hotels Retiro Madrid
ChIJHw9BciImQg0RGRCpkjSOwvc,Hotel Agumar Atocha,4.0,5357.0,40.40702210000001,-3.6832129,"establishment, lodging, point_of_interest",,hotels Retiro Madrid
ChIJjUEvDCQmQg0Ryh7Zw5eUWGg,"Only You Hotel, Atocha",4.4,6740.0,40.4072946,-3.688325,"establishment, lodging, point_of_interest",,hotels Retiro Madrid
ChIJkbyUhaQoQg0RC7AzLcd3XbY,Hostal Retiro,4.2,338.0,40.421764,-3.676963,"establishment, lodging, point_of_interest",,hotels Retiro Madrid
ChIJe4IR9Z8oQg0R3y0hly1SrvU,"Hotel Palacio Del Retiro, Autograph Collection",4.6,521.0,40.4177785,-3.689226999999999,"establishment, lodging, point_of_interest",,hotels Retiro Madrid
ChIJTRRbfg4mQg0R471uSvEJc3s,Hotel Catalonia El Retiro,4.6,2363.0,40.398902,-3.670035,"establishment, lodging, point_of_interest",,hotels Retiro Madrid
ChIJp82wcpwoQg0RzIeUDrLpwhI,Petit Palace Savoy Alfonso XII,4.5,1536.0,40.4171891,-3.6891374,"establishment, food, lodging, point_of_interest, restaurant",,hotels Retiro Madrid
ChIJ3y6t75woQg0RHzjjQVeoeuc,Petit Palace Lealtad Plaza,4.5,1601.0,40.4167093,-3.691041,"establishment, lodging, point_of_interest",,hotels Retiro Madrid
ChIJJX-9aHUnQg0RpCNp3yNDHjI,Hotel PAX Atocha,4.7,141.0,40.4017667,-3.6891657,"establishment, lodging, point_of_interest",,hotels Retiro Madrid
ChIJn6YX66IoQg0Ru4Mqrf3OFIM,H10 Puerta de Alcalá,4.4,3228.0,40.422182,-3.681154,"establishment, lodging, point_of_interest",,hotels Retiro Madrid
ChIJ5fCY2bEpQg0R-tQkB1aKee4,Numa Madrid Goya,4.5,65.0,40.4283115,-3.6721942,"establishment, lodging, point_of_interest",,hotels Retiro Madrid
ChIJHZV9VQQmQg0R2LSnPaifWVM,Hotel Claridge,4.4,3004.0,40.4063418,-3.6693182,"establishment, lodging, point_of_interest",,hotels Retiro Madrid
ChIJMSjNdiImQg0RZKmOTKrARJo,8Rooms Madrid,4.2,498.0,40.4065664,-3.682885299999999,"establishment, lodging, point_of_interest",,hotels Retiro Madrid
ChIJYY2rPuMnQg0RAkfWboSfGT8,Hotelito Boutique Madrid Pacífico,4.3,10.0,40.4006154,-3.6685708,"establishment, lodging, point_of_interest",,hotels Retiro Madrid
ChIJ_8s5OoQoQg0Ri39s0lccPK8,Hostel Center Madrid,3.6,192.0,40.4199592,-3.6969432,"establishment, lodging, point_of_interest",,hostels Madrid center
ChIJJ_IJGQApQg0RqXYlMSiJuPQ,Santo - Coworking - Coliving Madrid,2.5,150.0,40.4198041,-3.7082696,"establishment, lodging, point_of_interest",,hostels Malasaña Madrid
ChIJmYltuoEpQg0R0xXxzwOlEBg,Adventure Hostel Madrid,3.5,396.0,40.4226777,-3.7040166,"establishment, lodging, point_of_interest",,hostels Malasaña Madrid
ChIJSzF9H4AoQg0RITByx6eE0ds,Cats Hostel Madrid Sol,4.3,2244.0,40.4128956,-3.7016671,"bar, establishment, lodging, point_of_interest",,hostels Malasaña Madrid
ChIJE7UTJRgpQg0RxD0LeSL_KbE,ArtSeven Hostel,3.9,492.0,40.4133046,-3.7047385,"establishment, lodging, point_of_interest",,hostels Malasaña Madrid
ChIJO4LkioAoQg0R0X4dhLQ5rcc,Ok Hostel Madrid,4.6,2919.0,40.4111461,-3.7067866,"establishment, lodging, point_of_interest, storage",,hostels Malasaña Madrid
ChIJAwF6_mMoQg0RN5X4VwqsJ8g,Onefam Madrid Hostel,4.6,620.0,40.42787879999999,-3.7076841,"establishment, lodging, point_of_interest",,hostels Malasaña Madrid
ChIJE0wcKgApQg0RY9yeZVNC1xE,Elíseo - livingCoworking - Malasaña,3.1,56.0,40.4215981,-3.703466,"establishment, lodging, point_of_interest",,hostels Malasaña Madrid
ChIJsQD_fHsoQg0RZpqQzK9Jxrk,Generator Madrid,4.4,5329.0,40.4208022,-3.7081027,"bar, establishment, food, lodging, point_of_interest, restaurant",,hostels Malasaña Madrid
ChIJ2REUwn8oQg0Rwu7bP73t3R8,Mola! Hostel,4.2,2851.0,40.4141773,-3.7038134,"establishment, lodging, point_of_interest",,hostels Malasaña Madrid
ChIJr-DS_n8oQg0RlAucyLya72A,Way Hostel Madrid,4.5,1139.0,40.4127352,-3.7033094,"establishment, lodging, point_of_interest",,hostels Malasaña Madrid
ChIJwa9GjYAoQg0RLXRpmWI3RF8,Barbieri SOL Hostel,4.2,335.0,40.41597429999999,-3.7019117,"establishment, lodging, point_of_interest",,hostels Malasaña Madrid
ChIJb4ifHAApQg0RvJxeccgN7dM,Social - Coliving & Coworking Madrid,3.4,49.0,40.416774,-3.7068083,"establishment, lodging, point_of_interest",,hostels Malasaña Madrid
ChIJzSHDxH0oQg0RA30PEr9F-zo,Onefam Sungate Hostal Madrid,4.7,1338.0,40.4186661,-3.7045472,"establishment, lodging, point_of_interest",,hostels Malasaña Madrid
ChIJ18b--IgoQg0R426JYvsg5u8,Bastardo Hostel,4.2,2615.0,40.4252983,-3.700150599999999,"establishment, lodging, point_of_interest",,hostels Malasaña Madrid
ChIJJy_GaQAnQg0RpuDT3DO1OM8,Hostel Arc House Pop Art,3.2,179.0,40.4078929,-3.6982074,"establishment, lodging, point_of_interest",,hostels Malasaña Madrid
ChIJQXOwjGMoQg0RMSbFPep6LEs,Hostal Los Perales,2.7,438.0,40.4266667,-3.7075,"establishment, lodging, point_of_interest",,hostels Malasaña Madrid
ChIJr3jFqYgoQg0RqNt9tyhx3e8,Pensión Chueca,3.8,25.0,40.4232448,-3.6984074,"establishment, lodging, point_of_interest",,hostels Chueca Madrid
ChIJiZ1sb4YoQg0R40Qq0S5kQ1w,Hostal Casa Chueca,4.3,92.0,40.4214244,-3.6986729,"establishment, lodging, point_of_interest",,hostels Chueca Madrid
ChIJcUrtKy0pQg0RTc3J0Tljyl4,U HOSTELS ALBERGUES JUVENILES SL,4.1,344.0,40.42795,-3.69827,"establishment, lodging, point_of_interest",,hostels Chueca Madrid
ChIJOyI-caYpQg0RGfmStcMaJ_U,Room Gran Vía,4.1,1214.0,40.4193641,-3.697842,"establishment, lodging, point_of_interest",,hostels Chueca Madrid
ChIJDWrSVokoQg0R62O4fNAp2Ew,Safestay Madrid Central,3.8,2316.0,40.4279676,-3.6982627,"establishment, lodging, point_of_interest",,hostels Chueca Madrid
ChIJ80boZYYoQg0RYjJDjToLL_M,HOSTEL ROOM PRIDE,4.2,344.0,40.4212023,-3.6986893,"establishment, lodging, point_of_interest",,hostels Chueca Madrid
ChIJZaDnTIYoQg0RCS2ukmtn2TM,Hostal Chelo,3.8,275.0,40.4214607,-3.7003984,"establishment, lodging, point_of_interest",,hostels Chueca Madrid
ChIJ1Qnuk4YoQg0RxY2tn_GRnoU,GREEN HOSTEL MADRID,2.6,66.0,40.41955129999999,-3.6989122,"establishment, lodging, point_of_interest",,hostels Chueca Madrid
ChIJqWxqAgApQg0R0IEg5xkFn9I,Hostel,,,40.4249693,-3.7004658,"establishment, lodging, point_of_interest",,hostels Chueca Madrid
ChIJt6fliwUpQg0RU66qESKHKxE,Bed Madrid Rooms,3.3,347.0,40.424877,-3.700555,"establishment, lodging, point_of_interest",,hostels Chueca Madrid
ChIJ4_MUHUIpQg0RtND1HOBO1gk,HOSTAL ANDREA MADRID,3.5,116.0,40.4220291,-3.6999214,"establishment, lodging, point_of_interest",,hostels Chueca Madrid
ChIJ-zUtTiUmQg0R_lXhSy5xgZU,OXYGEN HOSTEL,4.0,490.0,40.4035288,-3.6920844,"establishment, lodging, point_of_interest",,hostels Salamanca Madrid
ChIJzfB_SbEnQg0RwX_aAnadsH0,Hostel RIO,3.0,223.0,40.3921668,-3.7026333,"establishment, lodging, point_of_interest",,hostels Salamanca Madrid
ChIJqUH0rQQpQg0RwqSZV8df1SA,DEBOD HOSTEL,4.4,272.0,40.4279803,-3.7194531,"establishment, lodging, point_of_interest",,hostels Salamanca Madrid
ChIJ53UgWzApQg0Rh9UN97jpBcc,UNPLAN Hostel,4.1,84.0,40.4481767,-3.7018502,"establishment, lodging, point_of_interest",,hostels Salamanca Madrid
ChIJtz0G83snQg0RWDaaNcQ99CU,Multi Hostel Lavapies,2.7,68.0,40.410849,-3.7026029,"establishment, lodging, point_of_interest",,hostels Lavapiés Madrid
ChIJMfKgu7UnQg0RDSlL84gmoIk,FIT Hostel Madrid,2.7,49.0,40.4042018,-3.703723,"establishment, lodging, point_of_interest",,hostels Lavapiés Madrid
ChIJcRPyuSomQg0RJnniXoYhKxI,2060 The Newton Hostel,4.7,2505.0,40.4118849,-3.703437199999999,"establishment, lodging, point_of_interest",,hostels Lavapiés Madrid
ChIJLeFnuSomQg0RsNVj4Wj4I-A,CATS Chill Out Hostel,4.0,581.0,40.4118958,-3.7021011,"establishment, lodging, point_of_interest",,hostels Lavapiés Madrid
ChIJ_dwsMQAnQg0RvzaMIi3mPJc,BnBHolder atocha sol la latina,,,40.41056349999999,-3.6965881,"establishment, lodging, point_of_interest",,hostels Lavapiés Madrid
ChIJ91VFDNUnQg0RbHIzHbv800I,THC Tirso Molina Hostel,4.3,413.0,40.411335,-3.704935,"establishment, lodging, point_of_interest",,hostels Lavapiés Madrid
ChIJd13zu_4pQg0RDwQRXFdNdYM,HOSTAL ANDREA SOL,4.0,89.0,40.4132691,-3.7052589,"establishment, lodging, point_of_interest",,hostels La Latina Madrid
ChIJXfsfJNcnQg0RFm5tKxO4aPs,Hostal Rofer,4.4,174.0,40.4084488,-3.7109699,"establishment, lodging, point_of_interest",,hostels La Latina Madrid
ChIJPe8LzngoQg0RyBnEQ9PpVZ8,Hostal La Macarena,4.2,342.0,40.4146762,-3.7082275,"establishment, lodging, point_of_interest",,hostels La Latina Madrid
ChIJBwlQ2nkoQg0RSxI0rVFeoFc,Hostel Meeting Point Madrid,3.5,670.0,40.4159985,-3.7126267,"establishment, lodging, point_of_interest",,hostels La Latina Madrid
ChIJrZYDANonQg0RGd5bp9DBDSY,LATROUPE Prado Hostel Madrid,4.3,844.0,40.4068476,-3.693066299999999,"establishment, lodging, point_of_interest",,hostels La Latina Madrid
ChIJj48Z85kpQg0RrWmcPyJRmRo,Hostal Sofia,2.3,218.0,40.4710902,-3.6938145,"establishment, lodging, point_of_interest",,hostels Chamartín Madrid
ChIJ__8rNf4oQg0Rv2HXHKW_YcA,Casa 18,2.8,324.0,40.4526063,-3.700304399999999,"establishment, lodging, point_of_interest",,hostels Chamartín Madrid
ChIJS-b7cfsoQg0RzEH1sRisHts,Hostal Siesta & Go (Nuevos Ministerios),3.9,798.0,40.44867840000001,-3.695038199999999,"establishment, lodging, point_of_interest",,hostels Chamartín Madrid
ChIJ40YfM_olQg0Rm2Srcy2Lr5A,Scout Madrid Hostel,4.3,692.0,40.408775,-3.6544731,"establishment, lodging, point_of_interest",,hostels Chamartín Madrid
ChIJ7X8bEAAnQg0R82gKbHoKYJ4,Hostel pepe viage,1.8,45.0,40.4036441,-3.6628528,"establishment, lodging, point_of_interest",,hostels Chamartín Madrid
ChIJuxWf_ngxQg0RtUEEBemIgYY,Hostelfly,4.3,802.0,40.4749714,-3.575426,"establishment, lodging, point_of_interest",,hostels Chamartín Madrid
ChIJkcCcMEMpQg0RYn30nZ-Br-8,Pensión Casa Rosa,4.0,4.0,40.4590418,-3.706781899999999,"establishment, lodging, point_of_interest",,hostels Chamartín Madrid
ChIJzzsNEAApQg0RNEa3nPFQVb4,TKH-ROOMS MATE HOSTEL,4.5,12.0,40.4502879,-3.7007606,"establishment, lodging, point_of_interest",,hostels Chamartín Madrid
ChIJvTl4-fEnQg0RIOy--jv8SJQ,HOSTEL H8,2.7,272.0,40.3969229,-3.7338496,"establishment, lodging, point_of_interest",,hostels Chamartín Madrid
ChIJFSOl5YUlQg0RVP0FUv2eaQI,Velvet Hostels,3.9,147.0,40.3869091,-3.6462512,"establishment, lodging, point_of_interest",,hostels Retiro Madrid
ChIJVxAhSBEpQg0RH79xnhqxZCM,Mytokys Malasaña,4.8,2461.0,40.4249906,-3.7023215,"establishment, food, point_of_interest, restaurant",,best restaurants Malasaña Madrid
ChIJ2-g6D00nQg0RF76FgrJL1rA,Parque Madrid Río,4.6,5760.0,40.4130932,-3.7234566,"establishment, park, point_of_interest",,tourist attractions Madrid center
ChIJ--wQtYYoQg0RnJkwi0DghG4,Church of the Calatravas,4.5,964.0,40.418244,-3.698962,"church, establishment, place_of_worship, point_of_interest, tourist_attraction",,things to do Madrid center
ChIJ3QsWE2QoQg0RF-pAyWfH0TU,Otaku Center,4.6,5237.0,40.4227561,-3.7066642,"book_store, establishment, point_of_interest, store",,things to do Malasaña Madrid
ChIJQRyIpFYpQg0Rmdsb9VmgUp8,Hobby Converters,4.5,303.0,40.4224329,-3.706962599999999,"book_store, establishment, point_of_interest, store",,things to do Malasaña Madrid
ChIJN9Ka0LQoQg0RyKntUElZV74,Las Ventas Bullring,4.5,41011.0,40.4321355,-3.6632911,"establishment, point_of_interest, tourist_attraction",,things to do Salamanca Madrid
ChIJKc6g3VQpQg0RdTew8k8hfXs,Plaza de Castilla Park,4.5,56.0,40.4648404,-3.6866094,"establishment, park, point_of_interest",,things to do Chamartín Madrid
ChIJJSRktXooQg0R63rhM0l-WQ4,Botania,4.2,4621.0,40.4228149,-3.711544599999999,"establishment, food, point_of_interest, restaurant",2.0,restaurants Madrid center
ChIJ_YlX_7snQg0Rd4LQTtcORMM,La Caníbal | Cerveza artesanal y vino natural,4.3,4351.0,40.407559,-3.6965328,"bar, establishment, food, liquor_store, point_of_interest, restaurant, store",2.0,restaurants Lavapiés Madrid
ChIJzQ1p2r0pQg0R6ZULqAtsbns,Don Asador,4.7,2860.0,40.4137961,-3.7124634,"establishment, food, point_of_interest, restaurant",2.0,restaurants La Latina Madrid
ChIJxyZjLcMpQg0R70L0-osPWKs,POPSTARS,4.9,48.0,40.4624434,-3.686914899999999,"establishment, food, point_of_interest, restaurant",,restaurants Chamartín Madrid
ChIJHw5dXwQpQg0ReIBh4VgKJ7k,Dbarra Gastrobar,4.7,77.0,40.4736098,-3.6748506,"establishment, food, point_of_interest, restaurant",2.0,restaurants Chamartín Madrid
ChIJzegB65YpQg0RfZbtaiXHgy4,Casa Mùi,4.8,425.0,40.4542002,-3.6743556,"establishment, food, point_of_interest, restaurant",,restaurants Chamartín Madrid
ChIJ001HFqQoQg0R2FKzE8zHRvY,Triana,4.4,5264.0,40.4199782,-3.6756839,"bar, establishment, food, point_of_interest, restaurant",2.0,restaurants Retiro Madrid
ChIJM4FcE5EpQg0RlkxQFEkgo7E,Swiss Butter,4.6,4917.0,40.4409384,-3.6929205,"establishment, food, point_of_interest, restaurant",,best restaurants Chamartín Madrid
ChIJ4S3v3XwoQg0RhivQump_vI8,Jota Batela,4.3,1247.0,40.42173,-3.705879999999999,"bar, establishment, food, point_of_interest, restaurant",1.0,tapas Malasaña Madrid
ChIJnfWXvngoQg0R2x1agMcUzZI,El Madroño,4.2,3426.0,40.41367169999999,-3.7088553,"bar, establishment, food, point_of_interest, restaurant",1.0,tapas La Latina Madrid
ChIJA-NLMtcnQg0R4xZBjWGYg4w,Los Caracoles,4.3,1551.0,40.4077474,-3.7112954,"bar, establishment, food, point_of_interest, restaurant",1.0,tapas La Latina Madrid
ChIJc6sxc7kpQg0R-OIB7G8Axsg,Bar d'TAPAS COVAP Madrid,4.9,193.0,40.4467171,-3.6966894,"establishment, food, point_of_interest, restaurant",,tapas Chamartín Madrid
ChIJpVdBXtgoQg0RqY50OxMvPDE,La Taberna de Rafa,4.2,215.0,40.4532519,-3.6746098,"bar, establishment, food, point_of_interest, restaurant",1.0,tapas Chamartín Madrid
ChIJVaVPm2EoQg0RYGMv8_dDRgs,Diplodocus,4.5,603.0,40.4287461,-3.7049908,"bar, establishment, night_club, point_of_interest",,bars Malasaña Madrid
ChIJmwRLxokoQg0Rf1qAIYrlCTQ,Madrid me Mata,4.2,1194.0,40.4263132,-3.701771999999999,"bar, establishment, point_of_interest",2.0,bars Malasaña Madrid
ChIJ0-eU7tYnQg0Rsus9Bb8F52o,La Cabra en el Tejado,4.4,2691.0,40.40930609999999,-3.7096319,"bar, establishment, food, point_of_interest, restaurant",1.0,bars La Latina Madrid
ChIJR16zZ98oQg0RgFeCkyyo7bQ,Mayflower Restaurante y bar Chamartín,4.4,949.0,40.45346079999999,-3.6786838,"bar, establishment, food, point_of_interest, restaurant",2.0,bars Chamartín Madrid
ChIJa2YxrsQpQg0R83J_KqIfw9E,Barrio Húmedo Madrid,4.6,1034.0,40.41789550000001,-3.6784465,"bar, establishment, food, point_of_interest, restaurant",2.0,bars Retiro Madrid
ChIJJeS3FTApQg0RQwo_1LKxiAg,La Cruz De San Andrés,4.8,109.0,40.4176405,-3.677635199999999,"bar, establishment, point_of_interest",,bars Retiro Madrid
ChIJn7zov1spQg0RGNbsRjZnNGw,Hemingway Gin & Cocktail Bar,4.9,534.0,40.4136976,-3.699949,"bar, establishment, point_of_interest",,cocktail bars Madrid center
ChIJmfQvkYMpQg0REAhwn6gTjWE,Anubis Coctelería (Caleido),3.8,388.0,40.4782107,-3.6886607,"bar, establishment, point_of_interest",2.0,cocktail bars Chamartín Madrid
ChIJX7uWVi4pQg0RDDV6tUBSIqQ,Herrera en Copa. Club de Vinos. Chamartin | Solo comidas privadas,5.0,11.0,40.4574608,-3.686766,"bar, establishment, food, liquor_store, point_of_interest, store",,cocktail bars Chamartín Madrid
ChIJ11GFfAApQg0RLfnzGw4qUd0,Brown Bear Bakery,4.8,343.0,40.4131951,-3.7001055,"bakery, cafe, establishment, food, meal_takeaway, point_of_interest, restaurant, store",,cafes Madrid center
ChIJe4ocPJgpQg0RvgxfmenchdQ,East Crema Coffee Almirante (Specialty Coffee Madrid),4.6,435.0,40.4223943,-3.6945469,"cafe, establishment, food, point_of_interest, store",,cafes Chueca Madrid
ChIJx-KAMgopQg0RJeUHmKpKzX8,chök - Chueca | Pastelería sin gluten Madrid,4.8,211.0,40.4214472,-3.6980848,"bakery, cafe, establishment, food, point_of_interest, restaurant, store",,cafes Chueca Madrid
ChIJPf4gBngpQg0RjyW7K4FYNsg,EN BRUTO I Café de Especialidad & Brunch,4.1,1125.0,40.42374299999999,-3.6959626,"bakery, cafe, establishment, food, point_of_interest, store",,cafes Chueca Madrid
ChIJmzL74oopQg0RcN2Th0nHIAQ,Ambu Coffee Nuñez | Specialty Coffee Shop,4.2,663.0,40.425495,-3.6826311,"cafe, establishment, food, point_of_interest, store",,cafes Salamanca Madrid
ChIJRzwk1SQpQg0Rrjgmfqh23hg,Flor y Nata,4.4,135.0,40.4300383,-3.6882136,"bakery, cafe, establishment, food, point_of_interest, store",,cafes Salamanca Madrid
ChIJFVlXR6YnQg0RliQ7LPLOBGk,Kaldi café,4.6,528.0,40.4093268,-3.7055433,"bar, cafe, establishment, food, point_of_interest, store",,cafes Lavapiés Madrid
ChIJr1J5yDEnQg0RbW1efMguWq4,Pum Pum Bakery,4.4,1434.0,40.4113846,-3.7039369,"bakery, cafe, establishment, food, point_of_interest, restaurant, store",,cafes Lavapiés Madrid
ChIJKT-gwr8nQg0RMFhZYzRp2rA,News & Coffee,4.5,64.0,40.41168,-3.7101617,"book_store, cafe, establishment, food, point_of_interest, store",,cafes La Latina Madrid
ChIJr-4NgqUpQg0RF6v9TeXzRh0,R´SPIRO,4.1,345.0,40.46069139999999,-3.6881954,"cafe, establishment, food, point_of_interest, store",,cafes Chamartín Madrid
ChIJ6f4mGKcoQg0RbimgEc5i7L0,The Bear and the Madroño,4.5,982.0,40.4156875,-3.6759561,"cafe, establishment, food, point_of_interest, restaurant, store",1.0,cafes Retiro Madrid
ChIJw3XYo9kpQg0RvwlXxH5IccY,Brunch Colors Ópera,4.8,540.0,40.4166108,-3.7083995,"establishment, food, point_of_interest, restaurant",,brunch Madrid center
ChIJu16XAJYpQg0RK8WG4n4WwYU,"ICAZA Madrid - Mexican Brunch, Bakery & Dinner",4.8,338.0,40.4254176,-3.7027578,"establishment, food, point_of_interest, restaurant",,brunch Chueca Madrid
ChIJHczkciYpQg0RzWQ5wikmdLQ,Nolita - Coffee & Brunch all day - Salamanca,4.0,2053.0,40.431318,-3.6749717,"establishment, food, point_of_interest, restaurant",,brunch Salamanca Madrid
ChIJsQ0WMQApQg0RIkaULAHssaQ,Dulce Safari,4.4,204.0,40.4263249,-3.6719666,"bakery, cafe, establishment, food, point_of_interest, restaurant, store",,brunch Salamanca Madrid
ChIJS3Bngl0pQg0R0w-nuCV5i20,Casa Neutrale® Plaza,4.6,754.0,40.4491067,-3.6783497,"cafe, establishment, food, point_of_interest, restaurant, store",,brunch Chamartín Madrid
ChIJj8xvoC4nQg0R9zsAQJA1WrI,Museo del Metro Nave de Motores de Pacífico,4.8,891.0,40.4040166,-3.6741282,"establishment, museum, point_of_interest",,museums Retiro Madrid
ChIJJcrHx5EoQg0RXTX908LZ5e8,Fundación María Cristina Masaveu Peterson,4.7,1903.0,40.426676,-3.691599,"establishment, museum, point_of_interest",,art museums Madrid center
ChIJObM53oMoQg0R-jWE0nNMXRU,ICO Museum,4.5,1654.0,40.4168275,-3.6977867,"establishment, museum, point_of_interest, tourist_attraction",,art museums Malasaña Madrid
ChIJXQC5lDopQg0R3J-xR8gZM54,Exposiciones temporales Museo Thyssen,4.7,143.0,40.4158982,-3.6958359,"establishment, museum, point_of_interest",,art museums Malasaña Madrid
ChIJ2_DOzxApQg0RmFcU9R-QB7c,Baluarte,4.7,83.0,40.4287348,-3.685897,"art_gallery, establishment, point_of_interest",,art museums Salamanca Madrid
ChIJi_8pYu4pQg0RhFfTUZaoaxI,Kate Contemporary,5.0,11.0,40.423431,-3.6780312,"art_gallery, establishment, point_of_interest",,art museums Salamanca Madrid
ChIJOcRDGBQpQg0RYM9aV6V9iaQ,VAN GOGH Art Gallery,4.4,117.0,40.4117817,-3.7071601,"art_gallery, establishment, point_of_interest",,art museums Lavapiés Madrid
ChIJu0GxrgspQg0RxXpRQqRrW8o,Jade Matcha I Té Matcha Caleido,5.0,10.0,40.4775697,-3.6883143,"art_gallery, cafe, establishment, food, point_of_interest, store",,art museums Chamartín Madrid
ChIJ7U_LpiK51CgR_naos1mRbkI,Light Art Exhibitions,4.0,2.0,40.4637255,-3.6738886,"establishment, point_of_interest",,art museums Chamartín Madrid
ChIJd9lRVnwoQg0RWuzUO-l6Gkw,Hostal Main Street Madrid,4.5,479.0,40.4209473,-3.7065779,"establishment, lodging, point_of_interest",,hotels Madrid center
ChIJlSDMN4YoQg0RhFZ7CSkd4YU,Hostal Hispano - Gran Via -,4.3,684.0,40.42199129999999,-3.6997982,"establishment, lodging, point_of_interest",,hotels Madrid center
ChIJq4jVqoEoQg0RBACvVkb-pIU,Hostal Madrid Sol,4.0,156.0,40.4153288,-3.700372299999999,"establishment, lodging, point_of_interest",,hotels Madrid center
ChIJCS-WkIIoQg0RYjJnT5-SXoQ,Mercure Madrid Centro,4.3,1337.0,40.41401860000001,-3.6945064,"establishment, lodging, point_of_interest",,hotels Madrid center
ChIJUx3XqoAoQg0RkOTEAxC9nCU,Montera Center Madrid,3.8,85.0,40.417951,-3.702754,"establishment, lodging, point_of_interest",,hotels Madrid center
ChIJ9f4byXooQg0RkUnkGyZP-mA,Hotel Casón del Tormes,4.3,1205.0,40.422335,-3.711609,"bar, cafe, establishment, food, lodging, point_of_interest, store",,hotels Madrid center
ChIJR7_iPHkoQg0RpPKVCKIk_h8,Petit Palace Plaza Mayor,4.3,1371.0,40.4160074,-3.7090951,"establishment, lodging, parking, point_of_interest",,hotels Madrid center
ChIJQ63lKHooQg0Ryu6SPjjuRdw,Central Palace Madrid,4.6,736.0,40.4177074,-3.7115031,"establishment, lodging, point_of_interest",,hotels Madrid center
ChIJrSMK3IIoQg0RX0WDQ3BdW8E,Hotel NH Collection Madrid Paseo del Prado,4.5,1399.0,40.414868,-3.694509,"establishment, lodging, point_of_interest",,hotels Madrid center
ChIJu1JP4oYoQg0RzEBX1Jz2IKk,Colectia Stays Gran Vía,4.7,69.0,40.419751,-3.700242,"establishment, lodging, point_of_interest",,hotels Malasaña Madrid
ChIJFcUq830oQg0R7inrfwlIk6M,HOSTAL ACAPULCO,4.7,398.0,40.4193246,-3.7034057,"establishment, lodging, point_of_interest",,hotels Malasaña Madrid
ChIJ15xf9IYoQg0RhbrAj2mMKh0,Hostal San Lorenzo,4.0,1223.0,40.4204027,-3.6992344,"establishment, lodging, point_of_interest",,hotels Chueca Madrid
ChIJfegVorwoQg0RD5bq7YYEqdk,Hotel Vincci Soma,4.3,3143.0,40.4250624,-3.678160399999999,"establishment, lodging, point_of_interest",,hotels Salamanca Madrid
ChIJI4yHYpooQg0RwdyPsYfB2WA,Apart-Hotel Serrano Recoletos,3.6,1050.0,40.4227751,-3.6900327,"establishment, lodging, point_of_interest",,hotels Salamanca Madrid
ChIJr31ILO0nQg0RmqtjKeFTyjI,Metropolitan Atocha,2.7,215.0,40.4071352,-3.694344899999999,"establishment, lodging, point_of_interest",,hotels Lavapiés Madrid
ChIJz-kbbdUnQg0ROW1vRhXPwJM,Hola Rooms,4.2,101.0,40.411661,-3.704669,"establishment, lodging, point_of_interest",,hotels Lavapiés Madrid
ChIJ8ZE4MSYnQg0RsOn_Usc0J8I,Madriz Hostel,4.0,273.0,40.4068834,-3.7070368,"establishment, lodging, point_of_interest",,hotels La Latina Madrid
ChIJuZMahX8oQg0R_nFBt7VsZh0,Hotel boutique Negresco Plaza Mayor,4.4,101.0,40.4133522,-3.7049417,"establishment, lodging, point_of_interest",,hotels La Latina Madrid
ChIJFXHC0jEvQg0RZotgZajZCjA,Travelodge Madrid Torrelaguna,3.9,1994.0,40.4444102,-3.6551868,"establishment, lodging, point_of_interest",,hotels Chamartín Madrid
ChIJkbrxCAApQg0REqV2CXH195E,"Hotel ""Casa el Viso""",2.6,61.0,40.4403598,-3.6834203,"establishment, lodging, point_of_interest",,hotels Chamartín Madrid
ChIJI3Wk6B4pQg0RKe1jOnM2TWk,Hotel NH Collection Madrid Eurobuilding,4.5,6691.0,40.4584134,-3.6859828,"establishment, lodging, point_of_interest",,hotels Chamartín Madrid
ChIJl3ZBoYcoQg0RPlUqhH5b-74,Hostal MH Fuencarral,4.2,452.0,40.4209222,-3.7011212,"establishment, lodging, point_of_interest",,hostels Chueca Madrid
ChIJ66X90IcoQg0RpUwiJ__OS4w,Hostal Abril,4.3,355.0,40.4226692,-3.7009776,"establishment, lodging, point_of_interest",,hostels Chueca Madrid
ChIJZX56134oQg0RHBgRAVQ8pkk,Plaza Mayor,4.6,200903.0,40.415511,-3.7074009,"establishment, point_of_interest, tourist_attraction",,tourist attractions Madrid center
ChIJWRLqi24oQg0RqwZ3SsbZah0,Temple of Debod,4.4,67601.0,40.4240216,-3.717769499999999,"establishment, point_of_interest, tourist_attraction",,tourist attractions Madrid center
ChIJwamkfX4oQg0RUUjO1nnsfy4,Royal Palace of Madrid,4.7,129043.0,40.417955,-3.714311999999999,"establishment, point_of_interest, tourist_attraction",,tourist attractions Madrid center
ChIJe4IR9Z8oQg0RrqMktRYnbJ4,El Retiro Park,4.8,211421.0,40.415258,-3.6834657,"establishment, park, point_of_interest, tourist_attraction",,tourist attractions Madrid center
ChIJTa1cmiMpQg0RzWDzSSheVYI,TU TUK TUK Madrid,4.9,334.0,40.4181348,-3.7099469,"establishment, point_of_interest, tourist_attraction, travel_agency",,tourist attractions Madrid center
ChIJJ1KGSpooQg0R8YZKFDqLJ5g,Puerta de Alcalá,4.7,62264.0,40.419992,-3.688737,"establishment, point_of_interest, tourist_attraction",,tourist attractions Madrid center
ChIJLW4ZIXkoQg0R6JDRTdPmLxY,Mercado de San Miguel,4.4,159968.0,40.4153794,-3.7089697,"establishment, food, point_of_interest, tourist_attraction",,tourist attractions Madrid center
ChIJVRietoQoQg0Rci_inpJ-XzI,Cibeles Fountain,4.7,56983.0,40.4193326,-3.6930825,"establishment, point_of_interest, tourist_attraction",,tourist attractions Madrid center
ChIJYVK5EX4oQg0RPdEI2G9kyC4,Tío Pepe Lettering,4.6,427.0,40.4172158,-3.7037518,"establishment, point_of_interest, tourist_attraction",,tourist attractions Madrid center
ChIJE14RqYkoQg0R9INS0oH5hLU,Fountain of Fame,4.4,49.0,40.4261017,-3.7005765,"establishment, point_of_interest, tourist_attraction",,tourist attractions Malasaña Madrid
ChIJdbewIIkoQg0RZS3cT1ZMzSc,Museo del Romanticismo,4.5,9135.0,40.4258946,-3.6987643,"establishment, museum, point_of_interest, tourist_attraction",,tourist attractions Malasaña Madrid
ChIJ4-4wsokoQg0Rg8n_sK3Jiy0,Madrid History Museum,4.5,10717.0,40.42573670000001,-3.7006699,"establishment, museum, point_of_interest, tourist_attraction",,tourist attractions Chueca Madrid
ChIJTTwdQWApQg0R01fYCQl9BTw,Sweet Space Museum,4.4,10495.0,40.4319053,-3.6874425,"establishment, museum, point_of_interest, tourist_attraction",,tourist attractions Salamanca Madrid
ChIJ7aLYZp0oQg0RWoitk33wlBA,Museo Nacional del Prado,4.7,152530.0,40.4137818,-3.6921271,"establishment, museum, point_of_interest, tourist_attraction",,tourist attractions Retiro Madrid
ChIJ7aLeH4EoQg0RzT0PTqYc3Y4,Campo del Moro,4.6,9047.0,40.41826220000001,-3.7172954,"establishment, park, point_of_interest, tourist_attraction",,things to do Madrid center
ChIJ1T8T08wpQg0Rq4Uukv0LbkU,Bob W Madrid Chueca,4.4,380.0,40.4233667,-3.7009182,"establishment, lodging, point_of_interest, real_estate_agency",,things to do Chueca Madrid
ChIJtR1HpesoQg0RqUnZcYUk7q4,Lázaro Galdiano Museum,4.7,1531.0,40.4369187,-3.6857512,"establishment, library, museum, point_of_interest, tourist_attraction",,things to do Salamanca Madrid
ChIJySfBCJooQg0Ry8Qhx3Mk3zs,National Museum of Archaeology,4.7,28177.0,40.4233265,-3.6888235,"establishment, museum, point_of_interest, tourist_attraction",,things to do Salamanca Madrid
ChIJvQc62ygmQg0Rcb-6WdEUmDA,Museo Nacional Centro de Arte Reina Sofía,4.5,69924.0,40.4079123,-3.6945569,"establishment, museum, point_of_interest, store, tourist_attraction",,things to do Salamanca Madrid
ChIJHQS2xgqIQQ0RgyGlQ3AakYk,Zoo Aquarium de Madrid,4.2,40688.0,40.4089556,-3.7612288,"aquarium, establishment, point_of_interest, tourist_attraction, zoo",,things to do Salamanca Madrid
ChIJiTGJRSomQg0RTD1MZa1RTnE,Taberna El Sur,4.5,8524.0,40.4110519,-3.6995864,"bar, establishment, food, point_of_interest, restaurant",1.0,things to do Lavapiés Madrid
ChIJ5UbsYWIoQg0RGTTiplnrT0A,Museo de San Isidro. Los Orígenes de Madrid,4.6,4064.0,40.41208049999999,-3.7108667,"establishment, museum, point_of_interest, tourist_attraction",,things to do La Latina Madrid
ChIJvXloBlgpQg0RTzvj3_auS9U,Gloria Bendita,4.6,4678.0,40.4161061,-3.709946999999999,"establishment, food, point_of_interest, restaurant",2.0,restaurants Madrid center
ChIJH-mF4MkpQg0RkJ5ij2lfI04,D-Sunset Madrid,4.9,1116.0,40.4156335,-3.7023858,"bar, establishment, food, point_of_interest, restaurant",,restaurants Madrid center
ChIJgwIBTHkoQg0RD1lm5kc2tWI,Rosi La Loca,4.7,24809.0,40.4158037,-3.7029837,"bar, establishment, food, night_club, point_of_interest, restaurant",1.0,restaurants Madrid center
ChIJAfVGhnooQg0RDXPOL2f8UYc,La Mi Venta,4.7,7482.0,40.4204081,-3.7125435,"establishment, food, point_of_interest, restaurant",2.0,restaurants Madrid center
ChIJ_cSBSNopQg0RdQccod3flf0,Vinitus Gran Via Restaurant,4.6,7991.0,40.4193514,-3.697675099999999,"bar, establishment, food, point_of_interest, restaurant",1.0,restaurants Madrid center
ChIJ3TKNVygmQg0RL1bRe5DN2KA,Bodega de los Secretos,4.5,6169.0,40.4106783,-3.6947231,"establishment, food, point_of_interest, restaurant",3.0,restaurants Madrid center
ChIJoy_DXYAoQg0RHW5pxXSQvVk,Taberna La Fragua de Vulcano,4.4,5817.0,40.4150962,-3.7013756,"establishment, food, point_of_interest, restaurant",1.0,restaurants Madrid center
ChIJkxzJ5skoQg0RDcLhWHmhX-s,Los Montes de Galicia,4.8,13276.0,40.4346777,-3.668364,"establishment, food, point_of_interest, restaurant",2.0,restaurants Madrid center
ChIJFUNwUm4pQg0RrsbvsOGzA3k,VEGA Alamo,4.7,2459.0,40.4238398,-3.7091151,"establishment, food, point_of_interest, restaurant",2.0,restaurants Malasaña Madrid
ChIJy-UDlc4pQg0RhSUkQDbRgr8,El Social,4.8,3038.0,40.4234762,-3.6993593,"establishment, food, point_of_interest, restaurant",2.0,restaurants Chueca Madrid
ChIJ8ZurCx4pQg0RXXPD4wW3u-Y,La Cachapera | Restaurante Venezolano Madrid,4.7,9843.0,40.4230268,-3.695479499999999,"bar, establishment, food, point_of_interest, restaurant",2.0,restaurants Chueca Madrid
ChIJIaDjRJEoQg0RFBxY4toFsEw,Restaurante Ten Con Ten,4.3,8218.0,40.4278455,-3.6885096,"bar, establishment, food, point_of_interest, restaurant",4.0,restaurants Salamanca Madrid
ChIJy08mlakpQg0Rc7KujIz0LVI,MULA Restaurante,4.7,260.0,40.4553123,-3.6808534,"establishment, food, point_of_interest, restaurant",,restaurants Chamartín Madrid
ChIJAfGaHJUpQg0R99zTEkkPagU,Bloved Restaurante,4.8,840.0,40.4192864,-3.6989255,"establishment, food, point_of_interest, restaurant",,best restaurants Madrid center
ChIJXwVYyaMpQg0RF9lu35MDsO8,La Única Madrid Restaurante,4.5,2293.0,40.4209802,-3.685362,"establishment, food, point_of_interest, restaurant",3.0,best restaurants Salamanca Madrid
ChIJu4YzISYpQg0RbB5Q4etTJpM,El del Medio,4.7,815.0,40.4581157,-3.6727315,"establishment, food, point_of_interest, restaurant",2.0,best restaurants Chamartín Madrid
ChIJnYaA1CwpQg0RoVHvkLNN7wE,Raza Madrid Bernabeu,4.7,1121.0,40.457828,-3.6871358,"establishment, food, point_of_interest, restaurant",,best restaurants Chamartín Madrid
ChIJy1cZftYoQg0R7VhlDVV85ms,مطعم سوليدير,4.6,2773.0,40.4519792,-3.6677156,"establishment, food, point_of_interest, restaurant",2.0,best restaurants Chamartín Madrid
ChIJF0fzo6MoQg0R2ufpRlvfQjg,Castelados,4.6,3345.0,40.4207379,-3.679094799999999,"establishment, food, point_of_interest, restaurant",2.0,best restaurants Retiro Madrid
ChIJ9wCM8ZspQg0RO-zRcG5I2G8,Estación Malasaña,4.5,569.0,40.4236574,-3.7051517,"bar, establishment, night_club, point_of_interest",,bars Malasaña Madrid
ChIJ546gLokoQg0Rwil_O10zpOI,MACERA TALLER BAR,4.3,2813.0,40.426179,-3.698088,"bar, establishment, point_of_interest",2.0,bars Chueca Madrid
ChIJK2hYBi8pQg0R4rIOsRPwDbQ,Tropical the beach club,5.0,34.0,40.4152641,-3.701525499999999,"bar, establishment, point_of_interest",,cocktail bars Madrid center
ChIJ4-Z87hUmPw0RnYeNalzEV9Y,Vintage Cocktail Bar,4.6,643.0,40.9650526,-5.666086399999999,"bar, establishment, point_of_interest",,cocktail bars Salamanca Madrid
ChIJGVwvUtYnQg0R5jCMKGsBMoc,Windguru Bar,4.2,300.0,40.410624,-3.7102184,"bar, establishment, point_of_interest",,cocktail bars La Latina Madrid
ChIJR98VwqYpQg0RkuEz-BQ35EY,Siniestro Café de Especialidad | Specialty Coffee Madrid,4.9,458.0,40.4261768,-3.7114126,"cafe, establishment, food, point_of_interest, restaurant, store",,cafes Madrid center
ChIJZ4_50ZsoQg0RvnbCbjZBzHc,Cappuccino Madrid,3.8,4319.0,40.4206395,-3.6883341,"cafe, establishment, food, point_of_interest, restaurant",3.0,cafes Salamanca Madrid
ChIJYVL4CZcoQg0Rbx9Ui5YYxak,All Day Brunch by Café & Té,4.0,2917.0,40.4251,-3.683948,"bar, cafe, establishment, food, meal_takeaway, point_of_interest, restaurant, store",2.0,cafes Salamanca Madrid
ChIJae1n9-ooQg0RQl1ZRKumub0,"Pancomido Café Lagasca - Pastelería y Cafetería Barrio Salamanca, Madrid - Desayunos y Menús",4.2,570.0,40.436023,-3.684225,"bakery, cafe, establishment, food, point_of_interest, store",1.0,cafes Salamanca Madrid
ChIJlX2dKLkoQg0Rc2LnldbyRdY,La MiMé,4.1,419.0,40.4313154,-3.676822,"bakery, establishment, food, point_of_interest, restaurant, store",2.0,cafes Salamanca Madrid
ChIJUXveK10oQg0RjP74hcJ1WfY,The Little Big Cafe Fernández de Los Ríos,4.6,1710.0,40.435222,-3.712739,"cafe, establishment, food, point_of_interest, restaurant, store",1.0,cafes Salamanca Madrid
ChIJG0kf5dYnQg0RHcKX_RqPiVw,"JAVIER MARTÍN Croquetas ,BURGERS & COMIDA DELICIOSA",4.6,5274.0,40.4094227,-3.7100511,"establishment, food, point_of_interest, restaurant",2.0,cafes La Latina Madrid
ChIJleMf7GQpQg0RSKmowxfFBWc,Amasa Chamartin,4.7,29.0,40.4574682,-3.6782598,"bakery, cafe, establishment, food, point_of_interest, store",,cafes Chamartín Madrid
ChIJEaSE7lYpQg0RYf-NWKoIw20,Billy Brunch,4.9,4403.0,40.4266612,-3.7012815,"establishment, food, point_of_interest, restaurant",,brunch Madrid center
ChIJv-yiGoMoQg0Rj1LLgnhKk1o,Thyssen-Bornemisza National Museum,4.7,47007.0,40.4160406,-3.6949254,"establishment, museum, point_of_interest, tourist_attraction",,museums Madrid center
ChIJwzjYwG8oQg0RqHNjv78udl0,Cerralbo Museum,4.6,9326.0,40.4237732,-3.7145417,"establishment, museum, point_of_interest, tourist_attraction",,museums Madrid center
ChIJmUm3eSgmQg0R6kTeCcnVsjQ,CaixaForum Madrid,4.5,23977.0,40.411112,-3.693571,"establishment, museum, point_of_interest",,museums Madrid center
ChIJkZKX7r4pQg0RRNT4xLKmtso,Nomad Museo Inmersivo,4.4,6254.0,40.4232977,-3.7102486,"establishment, museum, point_of_interest",,museums Malasaña Madrid
ChIJTTxR5cUpQg0RuOqasDN57f8,Museum of Senses Madrid,4.8,333.0,40.4186153,-3.6997083,"establishment, museum, point_of_interest",,museums Malasaña Madrid
ChIJWeRJKGKFQQ0RfhEw8rXXCn4,Lope de Vega Casa Museo,4.7,6586.0,40.4143821,-3.6974563,"establishment, museum, point_of_interest, tourist_attraction",,museums Malasaña Madrid
ChIJXUmqe5woQg0R3CQqaZtY3zM,National Museum of Decorative Arts,4.3,3020.0,40.4179105,-3.6898041,"establishment, museum, point_of_interest",,museums Malasaña Madrid
ChIJDQvH6AApQg0RB3JK_6TVK0s,Museum of Illusions Madrid,4.4,22621.0,40.413276,-3.7038658,"establishment, museum, point_of_interest, tourist_attraction",,museums Malasaña Madrid
ChIJp1KDQZAoQg0RR7bOeI48BrY,Museo de Cera,4.1,10711.0,40.42507459999999,-3.6915129,"establishment, museum, point_of_interest, tourist_attraction",,museums Malasaña Madrid
ChIJTfzMspwoQg0RNgubC1KTTB0,Naval Museum,4.6,11951.0,40.4178665,-3.6926342,"establishment, museum, point_of_interest, tourist_attraction",,museums Chueca Madrid
ChIJtXBzsUYoQg0RIwSOTUcqlb8,Museo de America,4.4,4631.0,40.4382175,-3.7220554,"establishment, museum, point_of_interest, tourist_attraction",,museums La Latina Madrid
ChIJKxry54coQg0RZZpfYuHpjS8,Espacio Valverde,4.9,46.0,40.422567,-3.701587999999999,"art_gallery, establishment, point_of_interest",,art museums Malasaña Madrid
ChIJF58VX5coQg0RqnUaBmv7jB8,Gallery Jorge Alcolea,4.6,44.0,40.4236309,-3.6866846,"art_gallery, establishment, point_of_interest",,art museums Salamanca Madrid
ChIJGzK2bCwmQg0RpkAA34DBX8c,F2 Galería,4.5,38.0,40.4071573,-3.699293,"art_gallery, establishment, point_of_interest",,art museums Lavapiés Madrid
ChIJX6jB59AnQg0RvRLsGhGJ-rw,Wilkoartgallery,4.8,71.0,40.40849370000001,-3.6981016,"establishment, point_of_interest",,art museums Lavapiés Madrid
ChIJ7w6YjOYpQg0RafkAf2GeTR0,Hostal Gran Via Experience,3.5,46.0,40.4189199,-3.7064588,"establishment, lodging, point_of_interest",,hotels Madrid center
ChIJiQ8L738oQg0RcrL59Vzx-58,Hotel Cortezo,4.1,1990.0,40.41367220000001,-3.7035722,"establishment, lodging, point_of_interest",,hotels Madrid center
ChIJWwmVJyYmQg0R_w0baaK6vDw,Hotel NH Madrid Nacional,4.4,4402.0,40.409962,-3.692673999999999,"establishment, lodging, point_of_interest",,hotels Madrid center
ChIJk2fXkIcoQg0ROGFTjFaY9zY,7 Islas Hotel,4.5,1433.0,40.4212052,-3.7019282,"establishment, lodging, point_of_interest",,hotels Madrid center
ChIJg4vVCH0oQg0RFdR5mstcolk,Woohoo Suites Madrid,4.0,1015.0,40.4207892,-3.7046706,"establishment, lodging, point_of_interest",,hotels Madrid center
ChIJwYqcOX8oQg0Ru4qnNV1iiew,The Hat Madrid,4.3,4686.0,40.41431,-3.70707,"establishment, lodging, point_of_interest",,hotels Malasaña Madrid
ChIJmSRJmn0oQg0Rt5YwR1qpFLQ,Hyatt Centric Gran Via Madrid,4.5,2346.0,40.4200081,-3.7036914,"establishment, lodging, point_of_interest",,hotels Chueca Madrid
ChIJmYF4FoYoQg0RWvtXOKojngw,Espacio Chueca,4.3,202.0,40.4221517,-3.6990187,"beauty_salon, establishment, hair_care, point_of_interest, spa",,things to do Chueca Madrid
ChIJ566E1MIpQg0RwJrbpGo-z5U,Labienhecha Store,4.9,232.0,40.4232564,-3.6995642,"establishment, point_of_interest, store",,things to do Chueca Madrid
ChIJl8rJH4YoQg0RDzFII38frdo,Tienda Bellas Artes JER,4.7,1180.0,40.4232322,-3.698880099999999,"establishment, point_of_interest, store",,things to do Chueca Madrid
ChIJoelIwm4oQg0RRxIFaOwkRg8,Origen Taberna Madrid,4.7,2036.0,40.4264818,-3.7163468,"establishment, food, point_of_interest, restaurant",2.0,tapas Madrid center
ChIJa82OM0ApQg0RdcDpvyGK8ho,La Tapa De Amistad,4.9,594.0,40.4194403,-3.7095663,"bar, establishment, food, meal_takeaway, point_of_interest, restaurant",,tapas Madrid center
ChIJI2CKD2UnQg0RUcVvaQ9u1gI,CASA CAMARON,4.6,99.0,40.4079252,-3.7038296,"bar, establishment, food, point_of_interest, restaurant",,tapas Lavapiés Madrid
ChIJK0DPl3snQg0RooFKiMNSbZc,Ciriaco Brown,4.3,634.0,40.40979470000001,-3.7057346,"bar, establishment, point_of_interest",2.0,cocktail bars Lavapiés Madrid
ChIJl4WFAGEpQg0RkEStduwzdvA,Kissaten.place Specialty coffee,4.9,655.0,40.4195923,-3.678431099999999,"cafe, establishment, food, point_of_interest, store",,cafes Retiro Madrid
ChIJLaOAHmonQg0R_62HGIJavKo,"Plaza ""La corrala""",4.1,7.0,40.4080243,-3.7026598,"establishment, park, point_of_interest",,things to do Lavapiés Madrid
ChIJUTCUCACJQQ0R1BfgP_BpXsY,Fuente en lago artificial,4.8,5.0,40.3748599,-3.7610736,"establishment, point_of_interest, tourist_attraction",,things to do La Latina Madrid
ChIJaUAWqjInQg0R94OKkBNoHHw,Puerta del Niño Jesús,4.8,87.0,40.41123959999999,-3.6765408,"establishment, point_of_interest",,things to do Retiro Madrid
ChIJ-XHJVFEpQg0RO4HAX08-aV0,FIERA,4.8,1101.0,40.4215644,-3.699578499999999,"establishment, food, point_of_interest, restaurant",,restaurants Madrid center
ChIJb4j1fpYoQg0RvPcji5FJUWc,Restaurante O'Caldiño,4.2,2548.0,40.4285644,-3.6848595,"establishment, food, point_of_interest, restaurant",2.0,restaurants Salamanca Madrid
ChIJa6hrhismQg0RuO0t8lwVOps,Casa de Asturias,3.8,2646.0,40.4081497,-3.699811,"establishment, food, point_of_interest, restaurant",1.0,restaurants Lavapiés Madrid
ChIJ9x8MfCsmQg0RvVW0y5Wg1tI,Portomarín,4.1,5136.0,40.4080556,-3.7008333,"establishment, food, point_of_interest, restaurant",1.0,restaurants Lavapiés Madrid
ChIJDXN309UnQg0RL1gFC7pdDGk,Malacatín,4.3,4180.0,40.4103131,-3.7076678,"bar, establishment, food, point_of_interest, restaurant",2.0,restaurants La Latina Madrid
ChIJFSMXK-4pQg0R8fHRydwV4kM,Taberna Puertochico,4.2,342.0,40.4812246,-3.6755007,"establishment, food, point_of_interest, restaurant",,restaurants Chamartín Madrid
ChIJkeLSuEIpQg0RVky8VYqbaE0,Restaurante Kippu,4.8,7139.0,40.4305501,-3.6780569,"establishment, food, point_of_interest, restaurant, store",3.0,best restaurants Salamanca Madrid
ChIJv-EqDv4pQg0R_lNHJHcoLnU,Taberna 13 Cuadros,4.7,373.0,40.42506760000001,-3.710275,"bar, establishment, food, point_of_interest, restaurant",,tapas Malasaña Madrid
ChIJFSnvN4cnQg0RGfxYWLMyfic,Cañas y Tapas,4.1,2339.0,40.4117977,-3.7108117,"bar, establishment, food, point_of_interest, restaurant",1.0,tapas La Latina Madrid
ChIJYaneEtMoQg0RfH8jazE2_H4,La Esquina de Claret,4.3,237.0,40.4482904,-3.6640606,"bar, establishment, food, point_of_interest, restaurant",1.0,tapas Chamartín Madrid
ChIJ_1P3k3koQg0R6wERy49Jo70,The Cavern Irish Pub,4.2,768.0,40.4160969,-3.7097734,"bar, establishment, point_of_interest",2.0,bars Madrid center
ChIJvXIo2SgmQg0RFsjcPKI8vbk,Lacaña,4.2,1720.0,40.4089066,-3.6951862,"bar, establishment, food, point_of_interest, restaurant",1.0,bars Lavapiés Madrid
ChIJRxvJp-InQg0RBQsJRcp2YUY,El Guaje De Lavapies,4.4,129.0,40.4077339,-3.7036534,"bar, establishment, point_of_interest",,bars Lavapiés Madrid
ChIJGUBAEdcnQg0RG_Ns813JtXA,Sixta,4.3,295.0,40.409191,-3.7113892,"bar, establishment, point_of_interest",1.0,bars La Latina Madrid
ChIJbRL-2RomQg0RlvSg3sG_P5I,Bar Aguilar Cervecería,4.7,222.0,40.4058662,-3.67301,"bar, establishment, food, point_of_interest, restaurant",1.0,bars Retiro Madrid
ChIJO5b1UmkpQg0RMcFjhOqczLE,Ti' Punch Rum Bar (Bar de Ron) - PopUp,4.7,24.0,40.4107286,-3.7113919,"bar, establishment, point_of_interest",,cocktail bars La Latina Madrid
ChIJ_wzX-mwpQg0RojEXreFsX8k,NYX Sky Rooftop Terrace,3.9,30.0,40.4504241,-3.6981607,"bar, establishment, point_of_interest",,cocktail bars Chamartín Madrid
ChIJl04oY58pQg0R8_JX-qmObnc,Despacito Specialty Coffee & Brunch - Café Especialidad,4.8,643.0,40.4200741,-3.7074164,"cafe, establishment, food, point_of_interest, store",,cafes Madrid center
ChIJzUyyGBYmPw0RAmqX_xqt5EI,Caledonia Coffee,4.5,1087.0,40.9670161,-5.6661854,"cafe, establishment, food, point_of_interest, restaurant, store",2.0,cafes Salamanca Madrid
ChIJRSgneAAnQg0RIO3IVttbkUs,Caferxxo Madrid,3.7,40.0,40.4068298,-3.6785439,"cafe, establishment, food, point_of_interest",,cafes Retiro Madrid
ChIJYTkcFmQoQg0RoIYZwkjoTVc,Café Federal,4.0,4833.0,40.427076,-3.7091597,"cafe, establishment, food, point_of_interest, restaurant, store",2.0,brunch Malasaña Madrid
ChIJAcQDeGopQg0RQQHU4ZhYD6c,VILLAZAN Gallery,4.3,17.0,40.42669,-3.6952913,"art_gallery, establishment, point_of_interest",,art museums Malasaña Madrid
ChIJa7FYmXMmPw0RsUpvh_k3VsU,Domus Artium 2002,4.6,837.0,40.95868960000001,-5.652072,"establishment, museum, point_of_interest, tourist_attraction",,art museums Salamanca Madrid
ChIJ34aVrIEoQg0RPS6egO2XJHM,Hostal Palacio Madrid,4.2,386.0,40.4152778,-3.7005556,"establishment, lodging, point_of_interest",,hotels Madrid center
ChIJ9_72coAoQg0RmvfCRXSvboI,Plaza Dort Rooms - Madrid,3.0,520.0,40.414302,-3.702432,"establishment, lodging, point_of_interest",,hotels Madrid center
ChIJGdMKtIEoQg0R6wNOJf9oYeg,"Room Mate Alicia, Madrid",4.6,714.0,40.4144941,-3.7001116,"establishment, lodging, point_of_interest",,hotels Madrid center
ChIJgRC4boEoQg0Rl6-gmXVOYkY,Hotel Urban,4.5,2088.0,40.41644489999999,-3.6986026,"establishment, lodging, point_of_interest",,hotels Madrid center
ChIJLauNlYYoQg0R6Ui5h0RZ3Kg,Hotel Catalonia Gran Vía Madrid,4.3,3074.0,40.4194479,-3.6985229,"establishment, lodging, point_of_interest",,hotels Madrid center
ChIJy7gIcGMoQg0Rd9X54i9QVSU,Akeah Hotel Gran Via,4.4,1101.0,40.424876,-3.707324,"establishment, lodging, point_of_interest",,hotels Malasaña Madrid
ChIJS45DJ80nQg0Rqcs4sx04dk0,BYPILLOW Velázquez 45 | Hostal en Madrid,4.2,762.0,40.4270643,-3.684163299999999,"establishment, lodging, point_of_interest",,hotels Salamanca Madrid
ChIJ8bkrzJYoQg0RHQnvVKetod8,ICON Embassy,4.4,879.0,40.4270199,-3.6873236,"establishment, food, lodging, point_of_interest, restaurant",,hotels Salamanca Madrid
ChIJgxuJ1vYpQg0RRRS3XEjkn7A,Hotel Wellington & Spa,4.7,3214.0,40.4221783,-3.6840927,"establishment, lodging, point_of_interest",,hotels Salamanca Madrid
ChIJ1f21G5EoQg0RKdq-mKlJf7o,Hotel Fénix Gran Meliá - The Leading Hotels of the World,4.6,1774.0,40.426552,-3.68921,"establishment, lodging, point_of_interest",,hotels Salamanca Madrid
ChIJNQE548AoQg0R-XqEsuRtfKI,Dormirdcine,4.4,1605.0,40.4363327,-3.6794777,"establishment, lodging, point_of_interest",,hotels Salamanca Madrid
ChIJ-cFBQccoQg0RjqspaeIpH2I,VP Madroño,4.4,1354.0,40.43513129999999,-3.676565499999999,"establishment, food, lodging, point_of_interest, restaurant",,hotels Salamanca Madrid
ChIJb2V2OyQmQg0RFS5Xixm_2RA,Hotel NH Madrid Atocha,4.2,1712.0,40.40769,-3.689457,"establishment, lodging, point_of_interest",,hotels Retiro Madrid
ChIJ28OpiComQg0R9X6BArOIOHg,Hostal Xucar,3.2,107.0,40.4122409,-3.7006335,"establishment, lodging, point_of_interest",,hostels Lavapiés Madrid
